Game_id,Event_Num,Event_Msg_Type,Period,WC_Time,PC_Time,Action_Type,Option1,Option2,Option3,Team_id,Person1,Person2,Person3,Team_id_type,Person1_type,Person2_type,Person3_type
006728e4c10e957011e1f24878e6054a,2,12,1,546410,7200,0,0,0,0,1473d70e5646a26de3c52aa1abd85b1f,0370a0d090da0d0edc6319f120187e0e,0370a0d090da0d0edc6319f120187e0e,0370a0d090da0d0edc6319f120187e0e,0,0,0,0
006728e4c10e957011e1f24878e6054a,4,10,1,546420,7200,0,0,0,0,01be0ad4af7aeb1f6d2cc2b6b6d6d811,8d2127290c94bd41b82a2938734bc750,99104de2626f67c1fa2ce70504970c3f,766802a8fda500d7945950de7398c9c6,2,4,5,4
006728e4c10e957011e1f24878e6054a,7,1,1,546590,7020,79,2,0,0,01be0ad4af7aeb1f6d2cc2b6b6d6d811,42e0d7167f04a4ff958c6442da0e6851,0370a0d090da0d0edc6319f120187e0e,0370a0d090da0d0edc6319f120187e0e,2,4,0,0
006728e4c10e957011e1f24878e6054a,8,6,1,546620,7020,2,0,0,1,01be0ad4af7aeb1f6d2cc2b6b6d6d811,616281dee946056b071699476fdee9ec,42e0d7167f04a4ff958c6442da0e6851,0b1c631effab25d4af2d16fc123c3d31,2,5,4,1
006728e4c10e957011e1f24878e6054a,10,3,1,546810,7020,10,1,0,0,01be0ad4af7aeb1f6d2cc2b6b6d6d811,42e0d7167f04a4ff958c6442da0e6851,0370a0d090da0d0edc6319f120187e0e,0370a0d090da0d0edc6319f120187e0e,2,4,0,0
006728e4c10e957011e1f24878e6054a,11,1,1,546970,6900,79,2,0,0,45ba8fc87f55b1191c50c400dc7ed11c,e814950408915f43de2b079dce7c21c5,0370a0d090da0d0edc6319f120187e0e,0370a0d090da0d0edc6319f120187e0e,3,5,0,0
006728e4c10e957011e1f24878e6054a,12,2,1,547190,6680,63,2,0,0,01be0ad4af7aeb1f6d2cc2b6b6d6d811,42e0d7167f04a4ff958c6442da0e6851,0370a0d090da0d0edc6319f120187e0e,0370a0d090da0d0edc6319f120187e0e,2,4,0,0
006728e4c10e957011e1f24878e6054a,13,4,1,547200,6660,0,0,0,0,01be0ad4af7aeb1f6d2cc2b6b6d6d811,616281dee946056b071699476fdee9ec,0370a0d090da0d0edc6319f120187e0e,0370a0d090da0d0edc6319f120187e0e,2,5,0,0
006728e4c10e957011e1f24878e6054a,14,2,1,547260,6610,41,2,1,0,45ba8fc87f55b1191c50c400dc7ed11c,48ec4e6c52f418d5ca4ef510ba473ea0,0370a0d090da0d0edc6319f120187e0e,8d2127290c94bd41b82a2938734bc750,3,5,0,4
006728e4c10e957011e1f24878e6054a,15,4,1,547280,6610,0,0,0,0,45ba8fc87f55b1191c50c400dc7ed11c,42e0d7167f04a4ff958c6442da0e6851,0370a0d090da0d0edc6319f120187e0e,0370a0d090da0d0edc6319f120187e0e,3,4,0,0
006728e4c10e957011e1f24878e6054a,16,6,1,547340,6540,2,0,0,2,01be0ad4af7aeb1f6d2cc2b6b6d6d811,99104de2626f67c1fa2ce70504970c3f,8d2127290c94bd41b82a2938734bc750,a1277b068e23d54de9770dd59b31879e,2,5,4,1
006728e4c10e957011e1f24878e6054a,18,3,1,547630,6540,11,1,1,0,01be0ad4af7aeb1f6d2cc2b6b6d6d811,8d2127290c94bd41b82a2938734bc750,0370a0d090da0d0edc6319f120187e0e,0370a0d090da0d0edc6319f120187e0e,2,4,0,0
006728e4c10e957011e1f24878e6054a,19,3,1,547800,6540,12,1,1,0,01be0ad4af7aeb1f6d2cc2b6b6d6d811,8d2127290c94bd41b82a2938734bc750,0370a0d090da0d0edc6319f120187e0e,0370a0d090da0d0edc6319f120187e0e,2,4,0,0
006728e4c10e957011e1f24878e6054a,20,2,1,547950,6420,6,2,0,0,45ba8fc87f55b1191c50c400dc7ed11c,e814950408915f43de2b079dce7c21c5,0370a0d090da0d0edc6319f120187e0e,0370a0d090da0d0edc6319f120187e0e,3,5,0,0
006728e4c10e957011e1f24878e6054a,21,4,1,547990,6360,0,0,0,0,45ba8fc87f55b1191c50c400dc7ed11c,99104de2626f67c1fa2ce70504970c3f,0370a0d090da0d0edc6319f120187e0e,0370a0d090da0d0edc6319f120187e0e,3,5,0,0
006728e4c10e957011e1f24878e6054a,22,1,1,547990,6360,72,2,0,0,45ba8fc87f55b1191c50c400dc7ed11c,99104de2626f67c1fa2ce70504970c3f,0370a0d090da0d0edc6319f120187e0e,0370a0d090da0d0edc6319f120187e0e,3,5,0,0
006728e4c10e957011e1f24878e6054a,23,5,1,548170,6180,1,1,0,0,01be0ad4af7aeb1f6d2cc2b6b6d6d811,8d2127290c94bd41b82a2938734bc750,48ec4e6c52f418d5ca4ef510ba473ea0,0370a0d090da0d0edc6319f120187e0e,2,4,5,0
006728e4c10e957011e1f24878e6054a,25,2,1,548250,6150,5,2,0,0,45ba8fc87f55b1191c50c400dc7ed11c,e814950408915f43de2b079dce7c21c5,0370a0d090da0d0edc6319f120187e0e,0370a0d090da0d0edc6319f120187e0e,3,5,0,0
006728e4c10e957011e1f24878e6054a,26,4,1,548280,6150,0,0,0,0,45ba8fc87f55b1191c50c400dc7ed11c,eb663a4ba8e90722905ef24a17c00df1,0370a0d090da0d0edc6319f120187e0e,0370a0d090da0d0edc6319f120187e0e,3,2,0,0
006728e4c10e957011e1f24878e6054a,27,7,1,548330,6150,1,0,0,0,01be0ad4af7aeb1f6d2cc2b6b6d6d811,c9ef395e3fd4c1dda4a4427fd86ec1d6,0370a0d090da0d0edc6319f120187e0e,a1277b068e23d54de9770dd59b31879e,2,0,0,1
006728e4c10e957011e1f24878e6054a,28,1,1,548480,6050,79,2,0,0,01be0ad4af7aeb1f6d2cc2b6b6d6d811,c5dd5b2e3b975f0849d9b74e74125cb9,0370a0d090da0d0edc6319f120187e0e,0370a0d090da0d0edc6319f120187e0e,2,4,0,0
006728e4c10e957011e1f24878e6054a,29,2,1,548640,5880,3,2,0,0,45ba8fc87f55b1191c50c400dc7ed11c,99104de2626f67c1fa2ce70504970c3f,0370a0d090da0d0edc6319f120187e0e,0370a0d090da0d0edc6319f120187e0e,3,5,0,0
006728e4c10e957011e1f24878e6054a,30,4,1,548670,5860,0,0,0,0,45ba8fc87f55b1191c50c400dc7ed11c,766802a8fda500d7945950de7398c9c6,0370a0d090da0d0edc6319f120187e0e,0370a0d090da0d0edc6319f120187e0e,3,4,0,0
006728e4c10e957011e1f24878e6054a,31,1,1,548700,5820,79,2,1,0,01be0ad4af7aeb1f6d2cc2b6b6d6d811,766802a8fda500d7945950de7398c9c6,0370a0d090da0d0edc6319f120187e0e,0370a0d090da0d0edc6319f120187e0e,2,4,0,0
006728e4c10e957011e1f24878e6054a,32,5,1,548860,5660,2,1,0,0,45ba8fc87f55b1191c50c400dc7ed11c,48ec4e6c52f418d5ca4ef510ba473ea0,766802a8fda500d7945950de7398c9c6,0370a0d090da0d0edc6319f120187e0e,3,5,4,0
006728e4c10e957011e1f24878e6054a,34,1,1,548920,5610,79,3,1,0,01be0ad4af7aeb1f6d2cc2b6b6d6d811,c5dd5b2e3b975f0849d9b74e74125cb9,766802a8fda500d7945950de7398c9c6,0370a0d090da0d0edc6319f120187e0e,2,4,4,0
006728e4c10e957011e1f24878e6054a,36,9,1,548980,5600,1,0,0,0,45ba8fc87f55b1191c50c400dc7ed11c,c9ef395e3fd4c1dda4a4427fd86ec1d6,0370a0d090da0d0edc6319f120187e0e,0370a0d090da0d0edc6319f120187e0e,3,3,0,0
006728e4c10e957011e1f24878e6054a,37,6,1,551260,5500,1,0,0,0,45ba8fc87f55b1191c50c400dc7ed11c,618f6d58ab2881152607c2a6e057bc51,e814950408915f43de2b079dce7c21c5,0b1c631effab25d4af2d16fc123c3d31,3,4,5,1
006728e4c10e957011e1f24878e6054a,40,2,1,551560,5370,1,3,0,0,45ba8fc87f55b1191c50c400dc7ed11c,e814950408915f43de2b079dce7c21c5,0370a0d090da0d0edc6319f120187e0e,0370a0d090da0d0edc6319f120187e0e,3,5,0,0
006728e4c10e957011e1f24878e6054a,41,4,1,551590,5340,0,0,0,0,45ba8fc87f55b1191c50c400dc7ed11c,99104de2626f67c1fa2ce70504970c3f,0370a0d090da0d0edc6319f120187e0e,0370a0d090da0d0edc6319f120187e0e,3,5,0,0
006728e4c10e957011e1f24878e6054a,42,2,1,551640,5300,1,3,0,0,45ba8fc87f55b1191c50c400dc7ed11c,d81d912f81fa43178f423aa89a713e96,0370a0d090da0d0edc6319f120187e0e,0370a0d090da0d0edc6319f120187e0e,3,5,0,0
006728e4c10e957011e1f24878e6054a,43,4,1,551670,5260,0,0,0,0,45ba8fc87f55b1191c50c400dc7ed11c,8d2127290c94bd41b82a2938734bc750,0370a0d090da0d0edc6319f120187e0e,0370a0d090da0d0edc6319f120187e0e,3,4,0,0
006728e4c10e957011e1f24878e6054a,44,6,1,551820,5130,1,0,0,0,01be0ad4af7aeb1f6d2cc2b6b6d6d811,48ec4e6c52f418d5ca4ef510ba473ea0,42e0d7167f04a4ff958c6442da0e6851,227d578f7628770519b586873c704e07,2,5,4,1
006728e4c10e957011e1f24878e6054a,46,2,1,551990,5080,101,2,0,0,01be0ad4af7aeb1f6d2cc2b6b6d6d811,c5dd5b2e3b975f0849d9b74e74125cb9,0370a0d090da0d0edc6319f120187e0e,0370a0d090da0d0edc6319f120187e0e,2,4,0,0
006728e4c10e957011e1f24878e6054a,47,4,1,552000,5070,0,0,0,0,01be0ad4af7aeb1f6d2cc2b6b6d6d811,42e0d7167f04a4ff958c6442da0e6851,0370a0d090da0d0edc6319f120187e0e,0370a0d090da0d0edc6319f120187e0e,2,4,0,0
006728e4c10e957011e1f24878e6054a,48,1,1,552010,5050,1,3,0,0,01be0ad4af7aeb1f6d2cc2b6b6d6d811,618f6d58ab2881152607c2a6e057bc51,42e0d7167f04a4ff958c6442da0e6851,0370a0d090da0d0edc6319f120187e0e,2,4,4,0
006728e4c10e957011e1f24878e6054a,50,6,1,552170,4920,27,0,0,0,45ba8fc87f55b1191c50c400dc7ed11c,766802a8fda500d7945950de7398c9c6,d81d912f81fa43178f423aa89a713e96,227d578f7628770519b586873c704e07,3,4,5,1
006728e4c10e957011e1f24878e6054a,52,1,1,552520,4800,6,2,0,0,45ba8fc87f55b1191c50c400dc7ed11c,48ec4e6c52f418d5ca4ef510ba473ea0,0370a0d090da0d0edc6319f120187e0e,0370a0d090da0d0edc6319f120187e0e,3,5,0,0
006728e4c10e957011e1f24878e6054a,53,1,1,552590,4740,1,3,1,0,01be0ad4af7aeb1f6d2cc2b6b6d6d811,766802a8fda500d7945950de7398c9c6,0370a0d090da0d0edc6319f120187e0e,0370a0d090da0d0edc6319f120187e0e,2,4,0,0
006728e4c10e957011e1f24878e6054a,54,1,1,552720,4600,1,3,0,0,45ba8fc87f55b1191c50c400dc7ed11c,48ec4e6c52f418d5ca4ef510ba473ea0,616281dee946056b071699476fdee9ec,0370a0d090da0d0edc6319f120187e0e,3,5,5,0
006728e4c10e957011e1f24878e6054a,56,1,1,552870,4450,80,2,0,0,01be0ad4af7aeb1f6d2cc2b6b6d6d811,c5dd5b2e3b975f0849d9b74e74125cb9,0370a0d090da0d0edc6319f120187e0e,0370a0d090da0d0edc6319f120187e0e,2,4,0,0
006728e4c10e957011e1f24878e6054a,57,1,1,553060,4260,78,2,0,0,45ba8fc87f55b1191c50c400dc7ed11c,99104de2626f67c1fa2ce70504970c3f,48ec4e6c52f418d5ca4ef510ba473ea0,0370a0d090da0d0edc6319f120187e0e,3,5,5,0
006728e4c10e957011e1f24878e6054a,59,2,1,553180,4130,1,3,0,0,01be0ad4af7aeb1f6d2cc2b6b6d6d811,42e0d7167f04a4ff958c6442da0e6851,0370a0d090da0d0edc6319f120187e0e,0370a0d090da0d0edc6319f120187e0e,2,4,0,0
006728e4c10e957011e1f24878e6054a,60,4,1,553220,4100,0,0,0,0,01be0ad4af7aeb1f6d2cc2b6b6d6d811,766802a8fda500d7945950de7398c9c6,0370a0d090da0d0edc6319f120187e0e,0370a0d090da0d0edc6319f120187e0e,2,4,0,0
006728e4c10e957011e1f24878e6054a,61,2,1,553240,4080,1,3,0,0,01be0ad4af7aeb1f6d2cc2b6b6d6d811,766802a8fda500d7945950de7398c9c6,0370a0d090da0d0edc6319f120187e0e,0370a0d090da0d0edc6319f120187e0e,2,4,0,0
006728e4c10e957011e1f24878e6054a,62,4,1,553270,4050,0,0,0,0,01be0ad4af7aeb1f6d2cc2b6b6d6d811,42e0d7167f04a4ff958c6442da0e6851,0370a0d090da0d0edc6319f120187e0e,0370a0d090da0d0edc6319f120187e0e,2,4,0,0
006728e4c10e957011e1f24878e6054a,63,2,1,553280,4040,1,3,0,0,01be0ad4af7aeb1f6d2cc2b6b6d6d811,618f6d58ab2881152607c2a6e057bc51,0370a0d090da0d0edc6319f120187e0e,0370a0d090da0d0edc6319f120187e0e,2,4,0,0
006728e4c10e957011e1f24878e6054a,64,4,1,553310,4010,0,0,0,0,01be0ad4af7aeb1f6d2cc2b6b6d6d811,99104de2626f67c1fa2ce70504970c3f,0370a0d090da0d0edc6319f120187e0e,0370a0d090da0d0edc6319f120187e0e,2,5,0,0
006728e4c10e957011e1f24878e6054a,65,2,1,553440,3890,86,2,0,0,45ba8fc87f55b1191c50c400dc7ed11c,616281dee946056b071699476fdee9ec,0370a0d090da0d0edc6319f120187e0e,0370a0d090da0d0edc6319f120187e0e,3,5,0,0
006728e4c10e957011e1f24878e6054a,66,4,1,553460,3850,0,0,0,0,45ba8fc87f55b1191c50c400dc7ed11c,618f6d58ab2881152607c2a6e057bc51,0370a0d090da0d0edc6319f120187e0e,0370a0d090da0d0edc6319f120187e0e,3,4,0,0
006728e4c10e957011e1f24878e6054a,67,6,1,553520,3830,1,0,0,0,01be0ad4af7aeb1f6d2cc2b6b6d6d811,e814950408915f43de2b079dce7c21c5,766802a8fda500d7945950de7398c9c6,227d578f7628770519b586873c704e07,2,5,4,1
006728e4c10e957011e1f24878e6054a,69,2,1,553810,3710,63,2,0,0,01be0ad4af7aeb1f6d2cc2b6b6d6d811,766802a8fda500d7945950de7398c9c6,0370a0d090da0d0edc6319f120187e0e,0370a0d090da0d0edc6319f120187e0e,2,4,0,0
006728e4c10e957011e1f24878e6054a,70,4,1,553860,3680,0,0,0,0,01be0ad4af7aeb1f6d2cc2b6b6d6d811,8d2127290c94bd41b82a2938734bc750,0370a0d090da0d0edc6319f120187e0e,0370a0d090da0d0edc6319f120187e0e,2,4,0,0
006728e4c10e957011e1f24878e6054a,71,2,1,553860,3680,97,2,0,0,01be0ad4af7aeb1f6d2cc2b6b6d6d811,8d2127290c94bd41b82a2938734bc750,0370a0d090da0d0edc6319f120187e0e,0370a0d090da0d0edc6319f120187e0e,2,4,0,0
006728e4c10e957011e1f24878e6054a,72,4,1,553870,3680,0,0,0,0,01be0ad4af7aeb1f6d2cc2b6b6d6d811,c9ef395e3fd4c1dda4a4427fd86ec1d6,0370a0d090da0d0edc6319f120187e0e,0370a0d090da0d0edc6319f120187e0e,2,3,0,0
006728e4c10e957011e1f24878e6054a,73,2,1,554030,3530,79,3,0,0,45ba8fc87f55b1191c50c400dc7ed11c,e814950408915f43de2b079dce7c21c5,0370a0d090da0d0edc6319f120187e0e,0370a0d090da0d0edc6319f120187e0e,3,5,0,0
006728e4c10e957011e1f24878e6054a,74,4,1,554060,3500,0,0,0,0,45ba8fc87f55b1191c50c400dc7ed11c,42e0d7167f04a4ff958c6442da0e6851,0370a0d090da0d0edc6319f120187e0e,0370a0d090da0d0edc6319f120187e0e,3,4,0,0
006728e4c10e957011e1f24878e6054a,75,2,1,554190,3370,101,2,0,0,01be0ad4af7aeb1f6d2cc2b6b6d6d811,618f6d58ab2881152607c2a6e057bc51,0370a0d090da0d0edc6319f120187e0e,0370a0d090da0d0edc6319f120187e0e,2,4,0,0
006728e4c10e957011e1f24878e6054a,76,4,1,554210,3350,0,0,0,0,01be0ad4af7aeb1f6d2cc2b6b6d6d811,99104de2626f67c1fa2ce70504970c3f,0370a0d090da0d0edc6319f120187e0e,0370a0d090da0d0edc6319f120187e0e,2,5,0,0
006728e4c10e957011e1f24878e6054a,77,1,1,554270,3290,101,2,1,0,45ba8fc87f55b1191c50c400dc7ed11c,616281dee946056b071699476fdee9ec,48ec4e6c52f418d5ca4ef510ba473ea0,0370a0d090da0d0edc6319f120187e0e,3,5,5,0
006728e4c10e957011e1f24878e6054a,79,2,1,554460,3100,6,2,0,0,01be0ad4af7aeb1f6d2cc2b6b6d6d811,766802a8fda500d7945950de7398c9c6,0370a0d090da0d0edc6319f120187e0e,0370a0d090da0d0edc6319f120187e0e,2,4,0,0
006728e4c10e957011e1f24878e6054a,81,4,1,554460,3100,0,0,0,0,01be0ad4af7aeb1f6d2cc2b6b6d6d811,eb663a4ba8e90722905ef24a17c00df1,0370a0d090da0d0edc6319f120187e0e,0370a0d090da0d0edc6319f120187e0e,2,2,0,0
006728e4c10e957011e1f24878e6054a,82,8,1,554600,3100,0,0,0,0,01be0ad4af7aeb1f6d2cc2b6b6d6d811,42e0d7167f04a4ff958c6442da0e6851,f4a5ca938177c407a9dab5412e39498f,0370a0d090da0d0edc6319f120187e0e,2,4,4,0
006728e4c10e957011e1f24878e6054a,84,20,1,554800,3000,3,0,0,0,01be0ad4af7aeb1f6d2cc2b6b6d6d811,0370a0d090da0d0edc6319f120187e0e,0370a0d090da0d0edc6319f120187e0e,0370a0d090da0d0edc6319f120187e0e,2,0,0,0
006728e4c10e957011e1f24878e6054a,85,8,1,554820,3000,0,0,0,0,01be0ad4af7aeb1f6d2cc2b6b6d6d811,99104de2626f67c1fa2ce70504970c3f,4413c19cf092bda39332d7833c90bfe6,0370a0d090da0d0edc6319f120187e0e,2,5,5,0
006728e4c10e957011e1f24878e6054a,87,1,1,555140,2880,79,2,0,0,01be0ad4af7aeb1f6d2cc2b6b6d6d811,f4a5ca938177c407a9dab5412e39498f,766802a8fda500d7945950de7398c9c6,0370a0d090da0d0edc6319f120187e0e,2,4,4,0
006728e4c10e957011e1f24878e6054a,89,2,1,555340,2680,86,2,0,0,45ba8fc87f55b1191c50c400dc7ed11c,e814950408915f43de2b079dce7c21c5,0370a0d090da0d0edc6319f120187e0e,0370a0d090da0d0edc6319f120187e0e,3,5,0,0
006728e4c10e957011e1f24878e6054a,90,4,1,555370,2650,0,0,0,0,45ba8fc87f55b1191c50c400dc7ed11c,8d2127290c94bd41b82a2938734bc750,0370a0d090da0d0edc6319f120187e0e,0370a0d090da0d0edc6319f120187e0e,3,4,0,0
006728e4c10e957011e1f24878e6054a,91,2,1,555520,2500,6,2,0,0,01be0ad4af7aeb1f6d2cc2b6b6d6d811,c5dd5b2e3b975f0849d9b74e74125cb9,0370a0d090da0d0edc6319f120187e0e,0370a0d090da0d0edc6319f120187e0e,2,4,0,0
006728e4c10e957011e1f24878e6054a,92,4,1,555530,2480,0,0,0,0,01be0ad4af7aeb1f6d2cc2b6b6d6d811,e814950408915f43de2b079dce7c21c5,0370a0d090da0d0edc6319f120187e0e,0370a0d090da0d0edc6319f120187e0e,2,5,0,0
006728e4c10e957011e1f24878e6054a,93,1,1,555610,2410,1,3,0,0,45ba8fc87f55b1191c50c400dc7ed11c,616281dee946056b071699476fdee9ec,e814950408915f43de2b079dce7c21c5,0370a0d090da0d0edc6319f120187e0e,3,5,5,0
006728e4c10e957011e1f24878e6054a,95,9,1,555650,2390,1,0,0,0,01be0ad4af7aeb1f6d2cc2b6b6d6d811,eb663a4ba8e90722905ef24a17c00df1,0370a0d090da0d0edc6319f120187e0e,0370a0d090da0d0edc6319f120187e0e,2,2,0,0
006728e4c10e957011e1f24878e6054a,96,8,1,557520,2390,0,0,0,0,01be0ad4af7aeb1f6d2cc2b6b6d6d811,618f6d58ab2881152607c2a6e057bc51,ae53f8ba6761b64a174051da817785bc,0370a0d090da0d0edc6319f120187e0e,2,4,4,0
006728e4c10e957011e1f24878e6054a,97,8,1,557520,2390,0,0,0,0,01be0ad4af7aeb1f6d2cc2b6b6d6d811,8d2127290c94bd41b82a2938734bc750,5db9c1c8184510fee8161e7fafdc9c49,0370a0d090da0d0edc6319f120187e0e,2,4,4,0
006728e4c10e957011e1f24878e6054a,98,8,1,557520,2390,0,0,0,0,01be0ad4af7aeb1f6d2cc2b6b6d6d811,d81d912f81fa43178f423aa89a713e96,44230324724c84f122ac62a5f0918314,0370a0d090da0d0edc6319f120187e0e,2,5,5,0
006728e4c10e957011e1f24878e6054a,102,2,1,557980,2220,86,2,0,0,01be0ad4af7aeb1f6d2cc2b6b6d6d811,f4a5ca938177c407a9dab5412e39498f,0370a0d090da0d0edc6319f120187e0e,0370a0d090da0d0edc6319f120187e0e,2,4,0,0
006728e4c10e957011e1f24878e6054a,103,4,1,558010,2190,0,0,0,0,01be0ad4af7aeb1f6d2cc2b6b6d6d811,48ec4e6c52f418d5ca4ef510ba473ea0,0370a0d090da0d0edc6319f120187e0e,0370a0d090da0d0edc6319f120187e0e,2,5,0,0
006728e4c10e957011e1f24878e6054a,104,2,1,558050,2150,58,2,0,0,45ba8fc87f55b1191c50c400dc7ed11c,616281dee946056b071699476fdee9ec,0370a0d090da0d0edc6319f120187e0e,0370a0d090da0d0edc6319f120187e0e,3,5,0,0
006728e4c10e957011e1f24878e6054a,105,4,1,558070,2130,0,0,0,0,45ba8fc87f55b1191c50c400dc7ed11c,616281dee946056b071699476fdee9ec,0370a0d090da0d0edc6319f120187e0e,0370a0d090da0d0edc6319f120187e0e,3,5,0,0
006728e4c10e957011e1f24878e6054a,106,2,1,558100,2100,1,3,0,0,45ba8fc87f55b1191c50c400dc7ed11c,44230324724c84f122ac62a5f0918314,0370a0d090da0d0edc6319f120187e0e,0370a0d090da0d0edc6319f120187e0e,3,5,0,0
006728e4c10e957011e1f24878e6054a,107,4,1,558140,2100,0,0,0,0,45ba8fc87f55b1191c50c400dc7ed11c,f4a5ca938177c407a9dab5412e39498f,0370a0d090da0d0edc6319f120187e0e,0370a0d090da0d0edc6319f120187e0e,3,4,0,0
006728e4c10e957011e1f24878e6054a,108,5,1,558190,2020,45,0,0,0,01be0ad4af7aeb1f6d2cc2b6b6d6d811,766802a8fda500d7945950de7398c9c6,0370a0d090da0d0edc6319f120187e0e,a1277b068e23d54de9770dd59b31879e,2,4,0,1
006728e4c10e957011e1f24878e6054a,109,2,1,558290,1950,79,2,0,0,45ba8fc87f55b1191c50c400dc7ed11c,616281dee946056b071699476fdee9ec,0370a0d090da0d0edc6319f120187e0e,0370a0d090da0d0edc6319f120187e0e,3,5,0,0
006728e4c10e957011e1f24878e6054a,110,4,1,558320,1920,0,0,0,0,45ba8fc87f55b1191c50c400dc7ed11c,f4a5ca938177c407a9dab5412e39498f,0370a0d090da0d0edc6319f120187e0e,0370a0d090da0d0edc6319f120187e0e,3,4,0,0
006728e4c10e957011e1f24878e6054a,111,2,1,558380,1860,1,3,0,0,01be0ad4af7aeb1f6d2cc2b6b6d6d811,5db9c1c8184510fee8161e7fafdc9c49,0370a0d090da0d0edc6319f120187e0e,0370a0d090da0d0edc6319f120187e0e,2,4,0,0
006728e4c10e957011e1f24878e6054a,112,4,1,558420,1850,0,0,0,0,01be0ad4af7aeb1f6d2cc2b6b6d6d811,eb663a4ba8e90722905ef24a17c00df1,0370a0d090da0d0edc6319f120187e0e,0370a0d090da0d0edc6319f120187e0e,2,2,0,0
006728e4c10e957011e1f24878e6054a,113,8,1,558480,1850,0,0,0,0,01be0ad4af7aeb1f6d2cc2b6b6d6d811,616281dee946056b071699476fdee9ec,5cce6ffa455e6372d9de0de400482ab6,0370a0d090da0d0edc6319f120187e0e,2,5,5,0
006728e4c10e957011e1f24878e6054a,115,8,1,558570,1850,0,0,0,0,01be0ad4af7aeb1f6d2cc2b6b6d6d811,c5dd5b2e3b975f0849d9b74e74125cb9,2ad626904c8b28cceb8e12c624a84240,0370a0d090da0d0edc6319f120187e0e,2,4,4,0
006728e4c10e957011e1f24878e6054a,117,6,1,558890,1710,2,1,0,2,01be0ad4af7aeb1f6d2cc2b6b6d6d811,4413c19cf092bda39332d7833c90bfe6,ae53f8ba6761b64a174051da817785bc,a1277b068e23d54de9770dd59b31879e,2,5,4,1
006728e4c10e957011e1f24878e6054a,119,3,1,559140,1710,11,1,0,0,01be0ad4af7aeb1f6d2cc2b6b6d6d811,ae53f8ba6761b64a174051da817785bc,0370a0d090da0d0edc6319f120187e0e,0370a0d090da0d0edc6319f120187e0e,2,4,0,0
006728e4c10e957011e1f24878e6054a,120,3,1,559320,1710,12,1,0,0,01be0ad4af7aeb1f6d2cc2b6b6d6d811,ae53f8ba6761b64a174051da817785bc,0370a0d090da0d0edc6319f120187e0e,0370a0d090da0d0edc6319f120187e0e,2,4,0,0
006728e4c10e957011e1f24878e6054a,121,2,1,559480,1570,1,3,0,0,45ba8fc87f55b1191c50c400dc7ed11c,48ec4e6c52f418d5ca4ef510ba473ea0,0370a0d090da0d0edc6319f120187e0e,0370a0d090da0d0edc6319f120187e0e,3,5,0,0
006728e4c10e957011e1f24878e6054a,122,4,1,559510,1530,0,0,0,0,45ba8fc87f55b1191c50c400dc7ed11c,f4a5ca938177c407a9dab5412e39498f,0370a0d090da0d0edc6319f120187e0e,0370a0d090da0d0edc6319f120187e0e,3,4,0,0
006728e4c10e957011e1f24878e6054a,123,2,1,559610,1440,6,2,0,0,01be0ad4af7aeb1f6d2cc2b6b6d6d811,766802a8fda500d7945950de7398c9c6,0370a0d090da0d0edc6319f120187e0e,0370a0d090da0d0edc6319f120187e0e,2,4,0,0
006728e4c10e957011e1f24878e6054a,124,4,1,559620,1420,0,0,0,0,01be0ad4af7aeb1f6d2cc2b6b6d6d811,5cce6ffa455e6372d9de0de400482ab6,0370a0d090da0d0edc6319f120187e0e,0370a0d090da0d0edc6319f120187e0e,2,5,0,0
006728e4c10e957011e1f24878e6054a,125,6,1,559690,1380,1,0,0,0,45ba8fc87f55b1191c50c400dc7ed11c,ae53f8ba6761b64a174051da817785bc,48ec4e6c52f418d5ca4ef510ba473ea0,0b1c631effab25d4af2d16fc123c3d31,3,4,5,1
006728e4c10e957011e1f24878e6054a,127,8,1,559800,1380,0,0,0,0,45ba8fc87f55b1191c50c400dc7ed11c,48ec4e6c52f418d5ca4ef510ba473ea0,4ef3dae16c436459ff05156abca5cebd,0370a0d090da0d0edc6319f120187e0e,3,5,5,0
006728e4c10e957011e1f24878e6054a,129,1,1,560040,1340,79,2,0,0,45ba8fc87f55b1191c50c400dc7ed11c,e814950408915f43de2b079dce7c21c5,0370a0d090da0d0edc6319f120187e0e,0370a0d090da0d0edc6319f120187e0e,3,5,0,0
006728e4c10e957011e1f24878e6054a,130,6,1,560320,1120,1,1,0,2,01be0ad4af7aeb1f6d2cc2b6b6d6d811,4413c19cf092bda39332d7833c90bfe6,f4a5ca938177c407a9dab5412e39498f,0b1c631effab25d4af2d16fc123c3d31,2,5,4,1
006728e4c10e957011e1f24878e6054a,132,3,1,560500,1120,11,1,0,0,01be0ad4af7aeb1f6d2cc2b6b6d6d811,f4a5ca938177c407a9dab5412e39498f,0370a0d090da0d0edc6319f120187e0e,0370a0d090da0d0edc6319f120187e0e,2,4,0,0
006728e4c10e957011e1f24878e6054a,133,8,1,560520,1120,0,0,0,0,01be0ad4af7aeb1f6d2cc2b6b6d6d811,4413c19cf092bda39332d7833c90bfe6,99104de2626f67c1fa2ce70504970c3f,0370a0d090da0d0edc6319f120187e0e,2,5,5,0
006728e4c10e957011e1f24878e6054a,135,3,1,560760,1120,12,1,0,0,01be0ad4af7aeb1f6d2cc2b6b6d6d811,f4a5ca938177c407a9dab5412e39498f,0370a0d090da0d0edc6319f120187e0e,0370a0d090da0d0edc6319f120187e0e,2,4,0,0
006728e4c10e957011e1f24878e6054a,136,2,1,560900,990,79,2,0,0,45ba8fc87f55b1191c50c400dc7ed11c,99104de2626f67c1fa2ce70504970c3f,0370a0d090da0d0edc6319f120187e0e,0370a0d090da0d0edc6319f120187e0e,3,5,0,0
006728e4c10e957011e1f24878e6054a,137,4,1,560960,940,0,0,0,0,45ba8fc87f55b1191c50c400dc7ed11c,4ef3dae16c436459ff05156abca5cebd,0370a0d090da0d0edc6319f120187e0e,0370a0d090da0d0edc6319f120187e0e,3,5,0,0
006728e4c10e957011e1f24878e6054a,138,2,1,560960,940,97,2,0,0,45ba8fc87f55b1191c50c400dc7ed11c,4ef3dae16c436459ff05156abca5cebd,0370a0d090da0d0edc6319f120187e0e,0370a0d090da0d0edc6319f120187e0e,3,5,0,0
006728e4c10e957011e1f24878e6054a,139,4,1,560980,920,0,0,0,0,45ba8fc87f55b1191c50c400dc7ed11c,2ad626904c8b28cceb8e12c624a84240,0370a0d090da0d0edc6319f120187e0e,0370a0d090da0d0edc6319f120187e0e,3,4,0,0
006728e4c10e957011e1f24878e6054a,140,1,1,561010,890,98,2,1,0,01be0ad4af7aeb1f6d2cc2b6b6d6d811,f4a5ca938177c407a9dab5412e39498f,766802a8fda500d7945950de7398c9c6,0370a0d090da0d0edc6319f120187e0e,2,4,4,0
006728e4c10e957011e1f24878e6054a,142,1,1,561170,720,1,2,0,0,45ba8fc87f55b1191c50c400dc7ed11c,5cce6ffa455e6372d9de0de400482ab6,e814950408915f43de2b079dce7c21c5,0370a0d090da0d0edc6319f120187e0e,3,5,5,0
006728e4c10e957011e1f24878e6054a,144,1,1,561390,506,1,2,0,0,01be0ad4af7aeb1f6d2cc2b6b6d6d811,f4a5ca938177c407a9dab5412e39498f,766802a8fda500d7945950de7398c9c6,0370a0d090da0d0edc6319f120187e0e,2,4,4,0
006728e4c10e957011e1f24878e6054a,146,2,1,561590,340,58,2,0,0,45ba8fc87f55b1191c50c400dc7ed11c,99104de2626f67c1fa2ce70504970c3f,0370a0d090da0d0edc6319f120187e0e,0370a0d090da0d0edc6319f120187e0e,3,5,0,0
006728e4c10e957011e1f24878e6054a,147,4,1,561630,306,0,0,0,0,45ba8fc87f55b1191c50c400dc7ed11c,2ad626904c8b28cceb8e12c624a84240,0370a0d090da0d0edc6319f120187e0e,0370a0d090da0d0edc6319f120187e0e,3,4,0,0
006728e4c10e957011e1f24878e6054a,148,2,1,561850,81,80,2,0,0,01be0ad4af7aeb1f6d2cc2b6b6d6d811,766802a8fda500d7945950de7398c9c6,0370a0d090da0d0edc6319f120187e0e,0370a0d090da0d0edc6319f120187e0e,2,4,0,0
006728e4c10e957011e1f24878e6054a,149,4,1,561880,52,0,0,0,0,01be0ad4af7aeb1f6d2cc2b6b6d6d811,99104de2626f67c1fa2ce70504970c3f,0370a0d090da0d0edc6319f120187e0e,0370a0d090da0d0edc6319f120187e0e,2,5,0,0
006728e4c10e957011e1f24878e6054a,150,2,1,561930,10,101,2,0,0,45ba8fc87f55b1191c50c400dc7ed11c,e814950408915f43de2b079dce7c21c5,0370a0d090da0d0edc6319f120187e0e,0370a0d090da0d0edc6319f120187e0e,3,5,0,0
006728e4c10e957011e1f24878e6054a,151,4,1,561980,10,0,0,0,0,45ba8fc87f55b1191c50c400dc7ed11c,c9ef395e3fd4c1dda4a4427fd86ec1d6,0370a0d090da0d0edc6319f120187e0e,0370a0d090da0d0edc6319f120187e0e,3,3,0,0
006728e4c10e957011e1f24878e6054a,153,18,1,561990,10,0,0,0,0,45ba8fc87f55b1191c50c400dc7ed11c,abeac5235e1f067cdf96a62a62676beb,0370a0d090da0d0edc6319f120187e0e,a1277b068e23d54de9770dd59b31879e,3,0,0,1
006728e4c10e957011e1f24878e6054a,152,13,1,562050,0,0,0,0,0,45ba8fc87f55b1191c50c400dc7ed11c,0370a0d090da0d0edc6319f120187e0e,0370a0d090da0d0edc6319f120187e0e,0370a0d090da0d0edc6319f120187e0e,3,0,0,0
006728e4c10e957011e1f24878e6054a,158,12,2,564120,7200,0,0,0,0,45ba8fc87f55b1191c50c400dc7ed11c,0370a0d090da0d0edc6319f120187e0e,0370a0d090da0d0edc6319f120187e0e,0370a0d090da0d0edc6319f120187e0e,3,0,0,0
006728e4c10e957011e1f24878e6054a,159,1,2,564270,7040,1,2,0,0,45ba8fc87f55b1191c50c400dc7ed11c,4ef3dae16c436459ff05156abca5cebd,0370a0d090da0d0edc6319f120187e0e,0370a0d090da0d0edc6319f120187e0e,3,5,0,0
006728e4c10e957011e1f24878e6054a,160,1,2,564450,6860,79,2,0,0,01be0ad4af7aeb1f6d2cc2b6b6d6d811,2ad626904c8b28cceb8e12c624a84240,0370a0d090da0d0edc6319f120187e0e,0370a0d090da0d0edc6319f120187e0e,2,4,0,0
006728e4c10e957011e1f24878e6054a,161,2,2,564630,6690,101,2,0,0,45ba8fc87f55b1191c50c400dc7ed11c,44230324724c84f122ac62a5f0918314,0370a0d090da0d0edc6319f120187e0e,0370a0d090da0d0edc6319f120187e0e,3,5,0,0
006728e4c10e957011e1f24878e6054a,162,4,2,564670,6640,0,0,0,0,45ba8fc87f55b1191c50c400dc7ed11c,99104de2626f67c1fa2ce70504970c3f,0370a0d090da0d0edc6319f120187e0e,0370a0d090da0d0edc6319f120187e0e,3,5,0,0
006728e4c10e957011e1f24878e6054a,163,1,2,564670,6640,97,2,0,0,45ba8fc87f55b1191c50c400dc7ed11c,99104de2626f67c1fa2ce70504970c3f,0370a0d090da0d0edc6319f120187e0e,0370a0d090da0d0edc6319f120187e0e,3,5,0,0
006728e4c10e957011e1f24878e6054a,164,2,2,564740,6570,1,2,0,0,01be0ad4af7aeb1f6d2cc2b6b6d6d811,ae53f8ba6761b64a174051da817785bc,0370a0d090da0d0edc6319f120187e0e,0370a0d090da0d0edc6319f120187e0e,2,4,0,0
006728e4c10e957011e1f24878e6054a,166,4,2,564760,6540,0,0,0,0,01be0ad4af7aeb1f6d2cc2b6b6d6d811,99104de2626f67c1fa2ce70504970c3f,0370a0d090da0d0edc6319f120187e0e,0370a0d090da0d0edc6319f120187e0e,2,5,0,0
006728e4c10e957011e1f24878e6054a,167,1,2,564820,6480,52,2,0,0,45ba8fc87f55b1191c50c400dc7ed11c,99104de2626f67c1fa2ce70504970c3f,4dd3d6a51dc97c651d3a86eec4362a1f,0370a0d090da0d0edc6319f120187e0e,3,5,5,0
006728e4c10e957011e1f24878e6054a,169,2,2,565020,6280,80,3,0,0,01be0ad4af7aeb1f6d2cc2b6b6d6d811,c5dd5b2e3b975f0849d9b74e74125cb9,0370a0d090da0d0edc6319f120187e0e,0370a0d090da0d0edc6319f120187e0e,2,4,0,0
006728e4c10e957011e1f24878e6054a,170,4,2,565060,6250,0,0,0,0,01be0ad4af7aeb1f6d2cc2b6b6d6d811,4dd3d6a51dc97c651d3a86eec4362a1f,0370a0d090da0d0edc6319f120187e0e,0370a0d090da0d0edc6319f120187e0e,2,5,0,0
006728e4c10e957011e1f24878e6054a,171,5,2,565150,6160,1,1,0,0,45ba8fc87f55b1191c50c400dc7ed11c,4dd3d6a51dc97c651d3a86eec4362a1f,f4a5ca938177c407a9dab5412e39498f,0370a0d090da0d0edc6319f120187e0e,3,5,4,0
006728e4c10e957011e1f24878e6054a,173,7,2,565200,6160,5,0,0,0,01be0ad4af7aeb1f6d2cc2b6b6d6d811,5cce6ffa455e6372d9de0de400482ab6,0370a0d090da0d0edc6319f120187e0e,a1277b068e23d54de9770dd59b31879e,2,5,0,1
006728e4c10e957011e1f24878e6054a,174,2,2,565400,6040,79,2,0,0,01be0ad4af7aeb1f6d2cc2b6b6d6d811,f4a5ca938177c407a9dab5412e39498f,0370a0d090da0d0edc6319f120187e0e,5cce6ffa455e6372d9de0de400482ab6,2,4,0,5
006728e4c10e957011e1f24878e6054a,176,4,2,565440,6040,0,0,0,0,01be0ad4af7aeb1f6d2cc2b6b6d6d811,eb663a4ba8e90722905ef24a17c00df1,0370a0d090da0d0edc6319f120187e0e,0370a0d090da0d0edc6319f120187e0e,2,2,0,0
006728e4c10e957011e1f24878e6054a,177,2,2,565590,6020,44,2,0,0,01be0ad4af7aeb1f6d2cc2b6b6d6d811,f4a5ca938177c407a9dab5412e39498f,0370a0d090da0d0edc6319f120187e0e,99104de2626f67c1fa2ce70504970c3f,2,4,0,5
006728e4c10e957011e1f24878e6054a,179,4,2,565620,5990,0,0,0,0,01be0ad4af7aeb1f6d2cc2b6b6d6d811,5cce6ffa455e6372d9de0de400482ab6,0370a0d090da0d0edc6319f120187e0e,0370a0d090da0d0edc6319f120187e0e,2,5,0,0
006728e4c10e957011e1f24878e6054a,180,2,2,565710,5890,101,2,0,0,45ba8fc87f55b1191c50c400dc7ed11c,4ef3dae16c436459ff05156abca5cebd,0370a0d090da0d0edc6319f120187e0e,0370a0d090da0d0edc6319f120187e0e,3,5,0,0
006728e4c10e957011e1f24878e6054a,181,4,2,565750,5850,0,0,0,0,45ba8fc87f55b1191c50c400dc7ed11c,f4a5ca938177c407a9dab5412e39498f,0370a0d090da0d0edc6319f120187e0e,0370a0d090da0d0edc6319f120187e0e,3,4,0,0
006728e4c10e957011e1f24878e6054a,182,2,2,565840,5760,1,3,0,0,01be0ad4af7aeb1f6d2cc2b6b6d6d811,2ad626904c8b28cceb8e12c624a84240,0370a0d090da0d0edc6319f120187e0e,0370a0d090da0d0edc6319f120187e0e,2,4,0,0
006728e4c10e957011e1f24878e6054a,183,4,2,565880,5720,0,0,0,0,01be0ad4af7aeb1f6d2cc2b6b6d6d811,4dd3d6a51dc97c651d3a86eec4362a1f,0370a0d090da0d0edc6319f120187e0e,0370a0d090da0d0edc6319f120187e0e,2,5,0,0
006728e4c10e957011e1f24878e6054a,184,1,2,565920,5690,108,2,1,0,45ba8fc87f55b1191c50c400dc7ed11c,44230324724c84f122ac62a5f0918314,4dd3d6a51dc97c651d3a86eec4362a1f,0370a0d090da0d0edc6319f120187e0e,3,5,5,0
006728e4c10e957011e1f24878e6054a,186,9,2,565960,5680,1,0,0,0,01be0ad4af7aeb1f6d2cc2b6b6d6d811,eb663a4ba8e90722905ef24a17c00df1,0370a0d090da0d0edc6319f120187e0e,0370a0d090da0d0edc6319f120187e0e,2,2,0,0
006728e4c10e957011e1f24878e6054a,187,8,2,567840,5680,0,0,0,0,01be0ad4af7aeb1f6d2cc2b6b6d6d811,f4a5ca938177c407a9dab5412e39498f,42e0d7167f04a4ff958c6442da0e6851,0370a0d090da0d0edc6319f120187e0e,2,4,4,0
006728e4c10e957011e1f24878e6054a,189,1,2,568280,5530,3,2,0,0,01be0ad4af7aeb1f6d2cc2b6b6d6d811,ae53f8ba6761b64a174051da817785bc,c5dd5b2e3b975f0849d9b74e74125cb9,0370a0d090da0d0edc6319f120187e0e,2,4,4,0
006728e4c10e957011e1f24878e6054a,191,1,2,568420,5400,79,2,0,0,45ba8fc87f55b1191c50c400dc7ed11c,4dd3d6a51dc97c651d3a86eec4362a1f,0370a0d090da0d0edc6319f120187e0e,0370a0d090da0d0edc6319f120187e0e,3,5,0,0
006728e4c10e957011e1f24878e6054a,192,2,2,568660,5150,80,2,0,0,01be0ad4af7aeb1f6d2cc2b6b6d6d811,c5dd5b2e3b975f0849d9b74e74125cb9,0370a0d090da0d0edc6319f120187e0e,0370a0d090da0d0edc6319f120187e0e,2,4,0,0
006728e4c10e957011e1f24878e6054a,193,4,2,568690,5130,0,0,0,0,01be0ad4af7aeb1f6d2cc2b6b6d6d811,5cce6ffa455e6372d9de0de400482ab6,0370a0d090da0d0edc6319f120187e0e,0370a0d090da0d0edc6319f120187e0e,2,5,0,0
006728e4c10e957011e1f24878e6054a,194,1,2,568850,4960,52,2,0,0,45ba8fc87f55b1191c50c400dc7ed11c,5cce6ffa455e6372d9de0de400482ab6,4dd3d6a51dc97c651d3a86eec4362a1f,0370a0d090da0d0edc6319f120187e0e,3,5,5,0
006728e4c10e957011e1f24878e6054a,196,6,2,569060,4770,1,0,0,0,01be0ad4af7aeb1f6d2cc2b6b6d6d811,4dd3d6a51dc97c651d3a86eec4362a1f,2ad626904c8b28cceb8e12c624a84240,a1277b068e23d54de9770dd59b31879e,2,5,4,1
006728e4c10e957011e1f24878e6054a,198,8,2,569120,4770,0,0,0,0,01be0ad4af7aeb1f6d2cc2b6b6d6d811,2ad626904c8b28cceb8e12c624a84240,618f6d58ab2881152607c2a6e057bc51,0370a0d090da0d0edc6319f120187e0e,2,4,4,0
006728e4c10e957011e1f24878e6054a,199,8,2,569120,4770,0,0,0,0,01be0ad4af7aeb1f6d2cc2b6b6d6d811,ae53f8ba6761b64a174051da817785bc,766802a8fda500d7945950de7398c9c6,0370a0d090da0d0edc6319f120187e0e,2,4,4,0
006728e4c10e957011e1f24878e6054a,200,8,2,569120,4770,0,0,0,0,01be0ad4af7aeb1f6d2cc2b6b6d6d811,5db9c1c8184510fee8161e7fafdc9c49,8d2127290c94bd41b82a2938734bc750,0370a0d090da0d0edc6319f120187e0e,2,4,4,0
006728e4c10e957011e1f24878e6054a,204,5,2,569320,4750,1,1,0,0,01be0ad4af7aeb1f6d2cc2b6b6d6d811,c5dd5b2e3b975f0849d9b74e74125cb9,4ef3dae16c436459ff05156abca5cebd,0370a0d090da0d0edc6319f120187e0e,2,4,5,0
006728e4c10e957011e1f24878e6054a,206,6,2,569380,4730,2,0,0,2,45ba8fc87f55b1191c50c400dc7ed11c,42e0d7167f04a4ff958c6442da0e6851,5cce6ffa455e6372d9de0de400482ab6,0b1c631effab25d4af2d16fc123c3d31,3,4,5,1
006728e4c10e957011e1f24878e6054a,208,18,2,569730,4730,0,0,0,0,45ba8fc87f55b1191c50c400dc7ed11c,7af6ffb7b66295092017e6eef32e3a33,0370a0d090da0d0edc6319f120187e0e,227d578f7628770519b586873c704e07,3,0,0,1
006728e4c10e957011e1f24878e6054a,209,3,2,570500,4730,11,1,0,0,45ba8fc87f55b1191c50c400dc7ed11c,5cce6ffa455e6372d9de0de400482ab6,0370a0d090da0d0edc6319f120187e0e,0370a0d090da0d0edc6319f120187e0e,3,5,0,0
006728e4c10e957011e1f24878e6054a,210,3,2,570720,4730,12,2,0,0,45ba8fc87f55b1191c50c400dc7ed11c,5cce6ffa455e6372d9de0de400482ab6,0370a0d090da0d0edc6319f120187e0e,0370a0d090da0d0edc6319f120187e0e,3,5,0,0
006728e4c10e957011e1f24878e6054a,211,4,2,570730,4700,0,0,0,0,45ba8fc87f55b1191c50c400dc7ed11c,618f6d58ab2881152607c2a6e057bc51,0370a0d090da0d0edc6319f120187e0e,0370a0d090da0d0edc6319f120187e0e,3,4,0,0
006728e4c10e957011e1f24878e6054a,212,6,2,570850,4600,1,0,0,0,01be0ad4af7aeb1f6d2cc2b6b6d6d811,5cce6ffa455e6372d9de0de400482ab6,766802a8fda500d7945950de7398c9c6,0b1c631effab25d4af2d16fc123c3d31,2,5,4,1
006728e4c10e957011e1f24878e6054a,214,2,2,571200,4460,80,3,0,0,01be0ad4af7aeb1f6d2cc2b6b6d6d811,766802a8fda500d7945950de7398c9c6,0370a0d090da0d0edc6319f120187e0e,0370a0d090da0d0edc6319f120187e0e,2,4,0,0
006728e4c10e957011e1f24878e6054a,215,4,2,571220,4440,0,0,0,0,01be0ad4af7aeb1f6d2cc2b6b6d6d811,42e0d7167f04a4ff958c6442da0e6851,0370a0d090da0d0edc6319f120187e0e,0370a0d090da0d0edc6319f120187e0e,2,4,0,0
006728e4c10e957011e1f24878e6054a,216,1,2,571240,4410,3,2,0,0,01be0ad4af7aeb1f6d2cc2b6b6d6d811,42e0d7167f04a4ff958c6442da0e6851,0370a0d090da0d0edc6319f120187e0e,0370a0d090da0d0edc6319f120187e0e,2,4,0,0
006728e4c10e957011e1f24878e6054a,217,5,2,571460,4220,4,0,0,0,45ba8fc87f55b1191c50c400dc7ed11c,44230324724c84f122ac62a5f0918314,0370a0d090da0d0edc6319f120187e0e,a1277b068e23d54de9770dd59b31879e,3,5,0,1
006728e4c10e957011e1f24878e6054a,218,2,2,571700,4090,1,3,0,0,01be0ad4af7aeb1f6d2cc2b6b6d6d811,618f6d58ab2881152607c2a6e057bc51,0370a0d090da0d0edc6319f120187e0e,0370a0d090da0d0edc6319f120187e0e,2,4,0,0
006728e4c10e957011e1f24878e6054a,219,4,2,571730,4060,0,0,0,0,01be0ad4af7aeb1f6d2cc2b6b6d6d811,4dd3d6a51dc97c651d3a86eec4362a1f,0370a0d090da0d0edc6319f120187e0e,0370a0d090da0d0edc6319f120187e0e,2,5,0,0
006728e4c10e957011e1f24878e6054a,220,2,2,571770,4020,79,3,1,0,45ba8fc87f55b1191c50c400dc7ed11c,4dd3d6a51dc97c651d3a86eec4362a1f,0370a0d090da0d0edc6319f120187e0e,0370a0d090da0d0edc6319f120187e0e,3,5,0,0
006728e4c10e957011e1f24878e6054a,221,4,2,571800,3980,0,0,0,0,45ba8fc87f55b1191c50c400dc7ed11c,8d2127290c94bd41b82a2938734bc750,0370a0d090da0d0edc6319f120187e0e,0370a0d090da0d0edc6319f120187e0e,3,4,0,0
006728e4c10e957011e1f24878e6054a,222,1,2,572010,3780,79,2,0,0,01be0ad4af7aeb1f6d2cc2b6b6d6d811,42e0d7167f04a4ff958c6442da0e6851,0370a0d090da0d0edc6319f120187e0e,0370a0d090da0d0edc6319f120187e0e,2,4,0,0
006728e4c10e957011e1f24878e6054a,223,6,2,572250,3560,1,0,0,0,45ba8fc87f55b1191c50c400dc7ed11c,618f6d58ab2881152607c2a6e057bc51,4dd3d6a51dc97c651d3a86eec4362a1f,0b1c631effab25d4af2d16fc123c3d31,3,4,5,1
006728e4c10e957011e1f24878e6054a,225,8,2,572310,3560,0,0,0,0,45ba8fc87f55b1191c50c400dc7ed11c,44230324724c84f122ac62a5f0918314,48ec4e6c52f418d5ca4ef510ba473ea0,0370a0d090da0d0edc6319f120187e0e,3,5,5,0
006728e4c10e957011e1f24878e6054a,226,8,2,572310,3560,0,0,0,0,45ba8fc87f55b1191c50c400dc7ed11c,4ef3dae16c436459ff05156abca5cebd,e814950408915f43de2b079dce7c21c5,0370a0d090da0d0edc6319f120187e0e,3,5,5,0
006728e4c10e957011e1f24878e6054a,229,1,2,572610,3490,101,2,0,0,45ba8fc87f55b1191c50c400dc7ed11c,48ec4e6c52f418d5ca4ef510ba473ea0,0370a0d090da0d0edc6319f120187e0e,0370a0d090da0d0edc6319f120187e0e,3,5,0,0
006728e4c10e957011e1f24878e6054a,230,5,2,572810,3290,45,0,0,0,01be0ad4af7aeb1f6d2cc2b6b6d6d811,c5dd5b2e3b975f0849d9b74e74125cb9,0370a0d090da0d0edc6319f120187e0e,0b1c631effab25d4af2d16fc123c3d31,2,4,0,1
006728e4c10e957011e1f24878e6054a,231,1,2,572890,3240,103,2,1,0,45ba8fc87f55b1191c50c400dc7ed11c,48ec4e6c52f418d5ca4ef510ba473ea0,0370a0d090da0d0edc6319f120187e0e,0370a0d090da0d0edc6319f120187e0e,3,5,0,0
006728e4c10e957011e1f24878e6054a,232,1,2,573040,3090,6,2,0,0,01be0ad4af7aeb1f6d2cc2b6b6d6d811,766802a8fda500d7945950de7398c9c6,0370a0d090da0d0edc6319f120187e0e,0370a0d090da0d0edc6319f120187e0e,2,4,0,0
006728e4c10e957011e1f24878e6054a,233,2,2,573120,3010,101,2,0,0,45ba8fc87f55b1191c50c400dc7ed11c,4dd3d6a51dc97c651d3a86eec4362a1f,0370a0d090da0d0edc6319f120187e0e,0370a0d090da0d0edc6319f120187e0e,3,5,0,0
006728e4c10e957011e1f24878e6054a,234,4,2,573150,2980,0,0,0,0,45ba8fc87f55b1191c50c400dc7ed11c,42e0d7167f04a4ff958c6442da0e6851,0370a0d090da0d0edc6319f120187e0e,0370a0d090da0d0edc6319f120187e0e,3,4,0,0
006728e4c10e957011e1f24878e6054a,235,6,2,573170,2970,1,0,0,0,01be0ad4af7aeb1f6d2cc2b6b6d6d811,5cce6ffa455e6372d9de0de400482ab6,618f6d58ab2881152607c2a6e057bc51,a1277b068e23d54de9770dd59b31879e,2,5,4,1
006728e4c10e957011e1f24878e6054a,237,8,2,573240,2970,0,0,0,0,01be0ad4af7aeb1f6d2cc2b6b6d6d811,99104de2626f67c1fa2ce70504970c3f,4413c19cf092bda39332d7833c90bfe6,0370a0d090da0d0edc6319f120187e0e,2,5,5,0
006728e4c10e957011e1f24878e6054a,238,8,2,573240,2970,0,0,0,0,01be0ad4af7aeb1f6d2cc2b6b6d6d811,5cce6ffa455e6372d9de0de400482ab6,616281dee946056b071699476fdee9ec,0370a0d090da0d0edc6319f120187e0e,2,5,5,0
006728e4c10e957011e1f24878e6054a,241,1,2,573560,2770,6,2,0,0,01be0ad4af7aeb1f6d2cc2b6b6d6d811,c5dd5b2e3b975f0849d9b74e74125cb9,0370a0d090da0d0edc6319f120187e0e,0370a0d090da0d0edc6319f120187e0e,2,4,0,0
006728e4c10e957011e1f24878e6054a,242,2,2,573650,2690,1,3,0,0,45ba8fc87f55b1191c50c400dc7ed11c,48ec4e6c52f418d5ca4ef510ba473ea0,0370a0d090da0d0edc6319f120187e0e,0370a0d090da0d0edc6319f120187e0e,3,5,0,0
006728e4c10e957011e1f24878e6054a,243,4,2,573690,2650,0,0,0,0,45ba8fc87f55b1191c50c400dc7ed11c,42e0d7167f04a4ff958c6442da0e6851,0370a0d090da0d0edc6319f120187e0e,0370a0d090da0d0edc6319f120187e0e,3,4,0,0
006728e4c10e957011e1f24878e6054a,244,1,2,573840,2500,1,3,0,0,01be0ad4af7aeb1f6d2cc2b6b6d6d811,c5dd5b2e3b975f0849d9b74e74125cb9,766802a8fda500d7945950de7398c9c6,0370a0d090da0d0edc6319f120187e0e,2,4,4,0
006728e4c10e957011e1f24878e6054a,246,9,2,573980,2390,1,0,0,0,45ba8fc87f55b1191c50c400dc7ed11c,c9ef395e3fd4c1dda4a4427fd86ec1d6,0370a0d090da0d0edc6319f120187e0e,0370a0d090da0d0edc6319f120187e0e,3,3,0,0
006728e4c10e957011e1f24878e6054a,247,8,2,575710,2390,0,0,0,0,45ba8fc87f55b1191c50c400dc7ed11c,4dd3d6a51dc97c651d3a86eec4362a1f,d81d912f81fa43178f423aa89a713e96,0370a0d090da0d0edc6319f120187e0e,3,5,5,0
006728e4c10e957011e1f24878e6054a,249,2,2,576300,2310,79,2,0,0,45ba8fc87f55b1191c50c400dc7ed11c,e814950408915f43de2b079dce7c21c5,0370a0d090da0d0edc6319f120187e0e,0370a0d090da0d0edc6319f120187e0e,3,5,0,0
006728e4c10e957011e1f24878e6054a,250,4,2,576350,2290,0,0,0,0,45ba8fc87f55b1191c50c400dc7ed11c,eb663a4ba8e90722905ef24a17c00df1,0370a0d090da0d0edc6319f120187e0e,0370a0d090da0d0edc6319f120187e0e,3,2,0,0
006728e4c10e957011e1f24878e6054a,251,2,2,576590,2080,1,2,0,0,01be0ad4af7aeb1f6d2cc2b6b6d6d811,c5dd5b2e3b975f0849d9b74e74125cb9,0370a0d090da0d0edc6319f120187e0e,0370a0d090da0d0edc6319f120187e0e,2,4,0,0
006728e4c10e957011e1f24878e6054a,252,4,2,576620,2050,0,0,0,0,01be0ad4af7aeb1f6d2cc2b6b6d6d811,42e0d7167f04a4ff958c6442da0e6851,0370a0d090da0d0edc6319f120187e0e,0370a0d090da0d0edc6319f120187e0e,2,4,0,0
006728e4c10e957011e1f24878e6054a,253,1,2,576680,1990,79,2,0,0,01be0ad4af7aeb1f6d2cc2b6b6d6d811,766802a8fda500d7945950de7398c9c6,0370a0d090da0d0edc6319f120187e0e,0370a0d090da0d0edc6319f120187e0e,2,4,0,0
006728e4c10e957011e1f24878e6054a,254,1,2,576840,1830,98,2,0,0,45ba8fc87f55b1191c50c400dc7ed11c,4413c19cf092bda39332d7833c90bfe6,e814950408915f43de2b079dce7c21c5,0370a0d090da0d0edc6319f120187e0e,3,5,5,0
006728e4c10e957011e1f24878e6054a,256,20,2,576970,1730,3,0,0,0,01be0ad4af7aeb1f6d2cc2b6b6d6d811,0370a0d090da0d0edc6319f120187e0e,0370a0d090da0d0edc6319f120187e0e,0370a0d090da0d0edc6319f120187e0e,2,0,0,0
006728e4c10e957011e1f24878e6054a,257,6,2,577150,1690,2,0,0,2,01be0ad4af7aeb1f6d2cc2b6b6d6d811,d81d912f81fa43178f423aa89a713e96,c5dd5b2e3b975f0849d9b74e74125cb9,0b1c631effab25d4af2d16fc123c3d31,2,5,4,1
006728e4c10e957011e1f24878e6054a,259,3,2,577370,1690,11,1,0,0,01be0ad4af7aeb1f6d2cc2b6b6d6d811,c5dd5b2e3b975f0849d9b74e74125cb9,0370a0d090da0d0edc6319f120187e0e,0370a0d090da0d0edc6319f120187e0e,2,4,0,0
006728e4c10e957011e1f24878e6054a,260,3,2,577520,1690,12,1,0,0,01be0ad4af7aeb1f6d2cc2b6b6d6d811,c5dd5b2e3b975f0849d9b74e74125cb9,0370a0d090da0d0edc6319f120187e0e,0370a0d090da0d0edc6319f120187e0e,2,4,0,0
006728e4c10e957011e1f24878e6054a,261,1,2,577640,1600,79,3,0,0,45ba8fc87f55b1191c50c400dc7ed11c,48ec4e6c52f418d5ca4ef510ba473ea0,0370a0d090da0d0edc6319f120187e0e,0370a0d090da0d0edc6319f120187e0e,3,5,0,0
006728e4c10e957011e1f24878e6054a,262,1,2,577800,1440,6,2,0,0,01be0ad4af7aeb1f6d2cc2b6b6d6d811,766802a8fda500d7945950de7398c9c6,0370a0d090da0d0edc6319f120187e0e,0370a0d090da0d0edc6319f120187e0e,2,4,0,0
006728e4c10e957011e1f24878e6054a,263,1,2,578020,1220,80,3,0,0,45ba8fc87f55b1191c50c400dc7ed11c,d81d912f81fa43178f423aa89a713e96,48ec4e6c52f418d5ca4ef510ba473ea0,0370a0d090da0d0edc6319f120187e0e,3,5,5,0
006728e4c10e957011e1f24878e6054a,265,1,2,578260,970,63,2,0,0,01be0ad4af7aeb1f6d2cc2b6b6d6d811,42e0d7167f04a4ff958c6442da0e6851,0370a0d090da0d0edc6319f120187e0e,0370a0d090da0d0edc6319f120187e0e,2,4,0,0
006728e4c10e957011e1f24878e6054a,266,2,2,578380,870,5,2,0,0,45ba8fc87f55b1191c50c400dc7ed11c,48ec4e6c52f418d5ca4ef510ba473ea0,0370a0d090da0d0edc6319f120187e0e,0370a0d090da0d0edc6319f120187e0e,3,5,0,0
006728e4c10e957011e1f24878e6054a,267,4,2,578400,870,0,0,0,0,45ba8fc87f55b1191c50c400dc7ed11c,eb663a4ba8e90722905ef24a17c00df1,0370a0d090da0d0edc6319f120187e0e,0370a0d090da0d0edc6319f120187e0e,3,2,0,0
006728e4c10e957011e1f24878e6054a,268,2,2,578620,760,98,2,0,0,01be0ad4af7aeb1f6d2cc2b6b6d6d811,8d2127290c94bd41b82a2938734bc750,0370a0d090da0d0edc6319f120187e0e,616281dee946056b071699476fdee9ec,2,4,0,5
006728e4c10e957011e1f24878e6054a,270,4,2,578660,720,0,0,0,0,01be0ad4af7aeb1f6d2cc2b6b6d6d811,4413c19cf092bda39332d7833c90bfe6,0370a0d090da0d0edc6319f120187e0e,0370a0d090da0d0edc6319f120187e0e,2,5,0,0
006728e4c10e957011e1f24878e6054a,271,1,2,578680,700,6,2,1,0,45ba8fc87f55b1191c50c400dc7ed11c,e814950408915f43de2b079dce7c21c5,0370a0d090da0d0edc6319f120187e0e,0370a0d090da0d0edc6319f120187e0e,3,5,0,0
006728e4c10e957011e1f24878e6054a,272,5,2,578760,650,45,0,0,0,01be0ad4af7aeb1f6d2cc2b6b6d6d811,c5dd5b2e3b975f0849d9b74e74125cb9,0370a0d090da0d0edc6319f120187e0e,100e6dd299a812effa01b29c6f0056c7,2,4,0,1
006728e4c10e957011e1f24878e6054a,273,8,2,578780,650,0,0,0,0,45ba8fc87f55b1191c50c400dc7ed11c,618f6d58ab2881152607c2a6e057bc51,5db9c1c8184510fee8161e7fafdc9c49,0370a0d090da0d0edc6319f120187e0e,3,4,4,0
006728e4c10e957011e1f24878e6054a,275,1,2,579070,508,1,3,0,0,45ba8fc87f55b1191c50c400dc7ed11c,48ec4e6c52f418d5ca4ef510ba473ea0,0370a0d090da0d0edc6319f120187e0e,0370a0d090da0d0edc6319f120187e0e,3,5,0,0
006728e4c10e957011e1f24878e6054a,276,2,2,579240,401,1,3,0,0,01be0ad4af7aeb1f6d2cc2b6b6d6d811,c5dd5b2e3b975f0849d9b74e74125cb9,0370a0d090da0d0edc6319f120187e0e,0370a0d090da0d0edc6319f120187e0e,2,4,0,0
006728e4c10e957011e1f24878e6054a,277,4,2,579290,376,0,0,0,0,01be0ad4af7aeb1f6d2cc2b6b6d6d811,c9ef395e3fd4c1dda4a4427fd86ec1d6,0370a0d090da0d0edc6319f120187e0e,0370a0d090da0d0edc6319f120187e0e,2,3,0,0
006728e4c10e957011e1f24878e6054a,278,6,2,579420,349,1,0,0,0,45ba8fc87f55b1191c50c400dc7ed11c,c5dd5b2e3b975f0849d9b74e74125cb9,48ec4e6c52f418d5ca4ef510ba473ea0,a1277b068e23d54de9770dd59b31879e,3,4,5,1
006728e4c10e957011e1f24878e6054a,280,2,2,579690,308,79,3,0,0,45ba8fc87f55b1191c50c400dc7ed11c,48ec4e6c52f418d5ca4ef510ba473ea0,0370a0d090da0d0edc6319f120187e0e,c5dd5b2e3b975f0849d9b74e74125cb9,3,5,0,4
006728e4c10e957011e1f24878e6054a,281,4,2,579720,279,0,0,0,0,45ba8fc87f55b1191c50c400dc7ed11c,766802a8fda500d7945950de7398c9c6,0370a0d090da0d0edc6319f120187e0e,0370a0d090da0d0edc6319f120187e0e,3,4,0,0
006728e4c10e957011e1f24878e6054a,282,20,2,579790,235,3,0,0,0,01be0ad4af7aeb1f6d2cc2b6b6d6d811,0370a0d090da0d0edc6319f120187e0e,0370a0d090da0d0edc6319f120187e0e,0370a0d090da0d0edc6319f120187e0e,2,0,0,0
006728e4c10e957011e1f24878e6054a,284,2,2,580110,37,63,2,0,0,01be0ad4af7aeb1f6d2cc2b6b6d6d811,766802a8fda500d7945950de7398c9c6,0370a0d090da0d0edc6319f120187e0e,0370a0d090da0d0edc6319f120187e0e,2,4,0,0
006728e4c10e957011e1f24878e6054a,285,4,2,580140,28,0,0,0,0,01be0ad4af7aeb1f6d2cc2b6b6d6d811,42e0d7167f04a4ff958c6442da0e6851,0370a0d090da0d0edc6319f120187e0e,0370a0d090da0d0edc6319f120187e0e,2,4,0,0
006728e4c10e957011e1f24878e6054a,286,2,2,580150,10,1,2,0,0,01be0ad4af7aeb1f6d2cc2b6b6d6d811,c5dd5b2e3b975f0849d9b74e74125cb9,0370a0d090da0d0edc6319f120187e0e,0370a0d090da0d0edc6319f120187e0e,2,4,0,0
006728e4c10e957011e1f24878e6054a,287,4,2,580190,10,0,0,0,0,01be0ad4af7aeb1f6d2cc2b6b6d6d811,eb663a4ba8e90722905ef24a17c00df1,0370a0d090da0d0edc6319f120187e0e,0370a0d090da0d0edc6319f120187e0e,2,2,0,0
006728e4c10e957011e1f24878e6054a,288,13,2,580410,0,0,0,0,0,01be0ad4af7aeb1f6d2cc2b6b6d6d811,0370a0d090da0d0edc6319f120187e0e,0370a0d090da0d0edc6319f120187e0e,0370a0d090da0d0edc6319f120187e0e,2,0,0,0
006728e4c10e957011e1f24878e6054a,293,12,3,589490,7200,0,0,0,0,45ba8fc87f55b1191c50c400dc7ed11c,0370a0d090da0d0edc6319f120187e0e,0370a0d090da0d0edc6319f120187e0e,0370a0d090da0d0edc6319f120187e0e,3,0,0,0
006728e4c10e957011e1f24878e6054a,294,1,3,589610,7070,78,2,0,0,45ba8fc87f55b1191c50c400dc7ed11c,99104de2626f67c1fa2ce70504970c3f,48ec4e6c52f418d5ca4ef510ba473ea0,0370a0d090da0d0edc6319f120187e0e,3,5,5,0
006728e4c10e957011e1f24878e6054a,296,6,3,589790,6900,2,0,0,2,01be0ad4af7aeb1f6d2cc2b6b6d6d811,48ec4e6c52f418d5ca4ef510ba473ea0,c5dd5b2e3b975f0849d9b74e74125cb9,a1277b068e23d54de9770dd59b31879e,2,5,4,1
006728e4c10e957011e1f24878e6054a,298,3,3,590030,6900,11,1,0,0,01be0ad4af7aeb1f6d2cc2b6b6d6d811,c5dd5b2e3b975f0849d9b74e74125cb9,0370a0d090da0d0edc6319f120187e0e,0370a0d090da0d0edc6319f120187e0e,2,4,0,0
006728e4c10e957011e1f24878e6054a,299,3,3,590160,6900,12,1,0,0,01be0ad4af7aeb1f6d2cc2b6b6d6d811,c5dd5b2e3b975f0849d9b74e74125cb9,0370a0d090da0d0edc6319f120187e0e,0370a0d090da0d0edc6319f120187e0e,2,4,0,0
006728e4c10e957011e1f24878e6054a,300,1,3,590310,6770,108,2,0,0,45ba8fc87f55b1191c50c400dc7ed11c,d81d912f81fa43178f423aa89a713e96,e814950408915f43de2b079dce7c21c5,0370a0d090da0d0edc6319f120187e0e,3,5,5,0
006728e4c10e957011e1f24878e6054a,302,1,3,590520,6550,1,3,0,0,01be0ad4af7aeb1f6d2cc2b6b6d6d811,c5dd5b2e3b975f0849d9b74e74125cb9,766802a8fda500d7945950de7398c9c6,0370a0d090da0d0edc6319f120187e0e,2,4,4,0
006728e4c10e957011e1f24878e6054a,304,2,3,590620,6460,3,2,0,0,45ba8fc87f55b1191c50c400dc7ed11c,616281dee946056b071699476fdee9ec,0370a0d090da0d0edc6319f120187e0e,0370a0d090da0d0edc6319f120187e0e,3,5,0,0
006728e4c10e957011e1f24878e6054a,305,4,3,590640,6430,0,0,0,0,45ba8fc87f55b1191c50c400dc7ed11c,8d2127290c94bd41b82a2938734bc750,0370a0d090da0d0edc6319f120187e0e,0370a0d090da0d0edc6319f120187e0e,3,4,0,0
006728e4c10e957011e1f24878e6054a,306,5,3,590760,6330,45,0,0,0,01be0ad4af7aeb1f6d2cc2b6b6d6d811,766802a8fda500d7945950de7398c9c6,0370a0d090da0d0edc6319f120187e0e,a1277b068e23d54de9770dd59b31879e,2,4,0,1
006728e4c10e957011e1f24878e6054a,307,5,3,591060,6210,39,0,0,0,45ba8fc87f55b1191c50c400dc7ed11c,48ec4e6c52f418d5ca4ef510ba473ea0,0370a0d090da0d0edc6319f120187e0e,0b1c631effab25d4af2d16fc123c3d31,3,5,0,1
006728e4c10e957011e1f24878e6054a,308,6,3,591290,6110,1,0,0,0,01be0ad4af7aeb1f6d2cc2b6b6d6d811,e814950408915f43de2b079dce7c21c5,42e0d7167f04a4ff958c6442da0e6851,0b1c631effab25d4af2d16fc123c3d31,2,5,4,1
006728e4c10e957011e1f24878e6054a,310,2,3,591500,6040,98,2,0,0,01be0ad4af7aeb1f6d2cc2b6b6d6d811,8d2127290c94bd41b82a2938734bc750,0370a0d090da0d0edc6319f120187e0e,99104de2626f67c1fa2ce70504970c3f,2,4,0,5
006728e4c10e957011e1f24878e6054a,312,4,3,591540,6000,0,0,0,0,01be0ad4af7aeb1f6d2cc2b6b6d6d811,616281dee946056b071699476fdee9ec,0370a0d090da0d0edc6319f120187e0e,0370a0d090da0d0edc6319f120187e0e,2,5,0,0
006728e4c10e957011e1f24878e6054a,313,6,3,591640,5930,2,0,0,2,45ba8fc87f55b1191c50c400dc7ed11c,c5dd5b2e3b975f0849d9b74e74125cb9,d81d912f81fa43178f423aa89a713e96,227d578f7628770519b586873c704e07,3,4,5,1
006728e4c10e957011e1f24878e6054a,315,3,3,591880,5930,11,1,0,0,45ba8fc87f55b1191c50c400dc7ed11c,d81d912f81fa43178f423aa89a713e96,0370a0d090da0d0edc6319f120187e0e,0370a0d090da0d0edc6319f120187e0e,3,5,0,0
006728e4c10e957011e1f24878e6054a,316,3,3,592010,5930,12,1,0,0,45ba8fc87f55b1191c50c400dc7ed11c,d81d912f81fa43178f423aa89a713e96,0370a0d090da0d0edc6319f120187e0e,0370a0d090da0d0edc6319f120187e0e,3,5,0,0
006728e4c10e957011e1f24878e6054a,317,1,3,592180,5780,79,2,0,0,01be0ad4af7aeb1f6d2cc2b6b6d6d811,766802a8fda500d7945950de7398c9c6,0370a0d090da0d0edc6319f120187e0e,0370a0d090da0d0edc6319f120187e0e,2,4,0,0
006728e4c10e957011e1f24878e6054a,318,6,3,592370,5630,29,0,0,2,45ba8fc87f55b1191c50c400dc7ed11c,8d2127290c94bd41b82a2938734bc750,99104de2626f67c1fa2ce70504970c3f,0b1c631effab25d4af2d16fc123c3d31,3,4,5,1
006728e4c10e957011e1f24878e6054a,320,3,3,592620,5630,11,1,0,0,45ba8fc87f55b1191c50c400dc7ed11c,99104de2626f67c1fa2ce70504970c3f,0370a0d090da0d0edc6319f120187e0e,0370a0d090da0d0edc6319f120187e0e,3,5,0,0
006728e4c10e957011e1f24878e6054a,321,3,3,592860,5630,12,1,0,0,45ba8fc87f55b1191c50c400dc7ed11c,99104de2626f67c1fa2ce70504970c3f,0370a0d090da0d0edc6319f120187e0e,0370a0d090da0d0edc6319f120187e0e,3,5,0,0
006728e4c10e957011e1f24878e6054a,322,1,3,593080,5430,6,2,0,0,01be0ad4af7aeb1f6d2cc2b6b6d6d811,766802a8fda500d7945950de7398c9c6,8d2127290c94bd41b82a2938734bc750,0370a0d090da0d0edc6319f120187e0e,2,4,4,0
006728e4c10e957011e1f24878e6054a,324,2,3,593230,5270,1,3,0,0,45ba8fc87f55b1191c50c400dc7ed11c,616281dee946056b071699476fdee9ec,0370a0d090da0d0edc6319f120187e0e,0370a0d090da0d0edc6319f120187e0e,3,5,0,0
006728e4c10e957011e1f24878e6054a,325,4,3,593270,5240,0,0,0,0,45ba8fc87f55b1191c50c400dc7ed11c,618f6d58ab2881152607c2a6e057bc51,0370a0d090da0d0edc6319f120187e0e,0370a0d090da0d0edc6319f120187e0e,3,4,0,0
006728e4c10e957011e1f24878e6054a,326,2,3,593320,5180,6,2,0,0,01be0ad4af7aeb1f6d2cc2b6b6d6d811,618f6d58ab2881152607c2a6e057bc51,0370a0d090da0d0edc6319f120187e0e,0370a0d090da0d0edc6319f120187e0e,2,4,0,0
006728e4c10e957011e1f24878e6054a,328,4,3,593350,5150,0,0,0,0,01be0ad4af7aeb1f6d2cc2b6b6d6d811,48ec4e6c52f418d5ca4ef510ba473ea0,0370a0d090da0d0edc6319f120187e0e,0370a0d090da0d0edc6319f120187e0e,2,5,0,0
006728e4c10e957011e1f24878e6054a,329,6,3,593400,5120,2,0,0,2,45ba8fc87f55b1191c50c400dc7ed11c,618f6d58ab2881152607c2a6e057bc51,48ec4e6c52f418d5ca4ef510ba473ea0,227d578f7628770519b586873c704e07,3,4,5,1
006728e4c10e957011e1f24878e6054a,331,3,3,593740,5120,11,1,1,0,45ba8fc87f55b1191c50c400dc7ed11c,48ec4e6c52f418d5ca4ef510ba473ea0,0370a0d090da0d0edc6319f120187e0e,0370a0d090da0d0edc6319f120187e0e,3,5,0,0
006728e4c10e957011e1f24878e6054a,332,3,3,593980,5120,12,2,1,0,45ba8fc87f55b1191c50c400dc7ed11c,48ec4e6c52f418d5ca4ef510ba473ea0,0370a0d090da0d0edc6319f120187e0e,0370a0d090da0d0edc6319f120187e0e,3,5,0,0
006728e4c10e957011e1f24878e6054a,333,4,3,594040,5090,0,0,0,0,45ba8fc87f55b1191c50c400dc7ed11c,c9ef395e3fd4c1dda4a4427fd86ec1d6,0370a0d090da0d0edc6319f120187e0e,0370a0d090da0d0edc6319f120187e0e,3,3,0,0
006728e4c10e957011e1f24878e6054a,334,1,3,594380,4880,102,2,0,0,45ba8fc87f55b1191c50c400dc7ed11c,e814950408915f43de2b079dce7c21c5,0370a0d090da0d0edc6319f120187e0e,0370a0d090da0d0edc6319f120187e0e,3,5,0,0
006728e4c10e957011e1f24878e6054a,335,2,3,594550,4720,1,3,0,0,01be0ad4af7aeb1f6d2cc2b6b6d6d811,c5dd5b2e3b975f0849d9b74e74125cb9,0370a0d090da0d0edc6319f120187e0e,0370a0d090da0d0edc6319f120187e0e,2,4,0,0
006728e4c10e957011e1f24878e6054a,336,4,3,594580,4680,0,0,0,0,01be0ad4af7aeb1f6d2cc2b6b6d6d811,42e0d7167f04a4ff958c6442da0e6851,0370a0d090da0d0edc6319f120187e0e,0370a0d090da0d0edc6319f120187e0e,2,4,0,0
006728e4c10e957011e1f24878e6054a,337,2,3,594650,4620,79,3,0,0,01be0ad4af7aeb1f6d2cc2b6b6d6d811,766802a8fda500d7945950de7398c9c6,0370a0d090da0d0edc6319f120187e0e,0370a0d090da0d0edc6319f120187e0e,2,4,0,0
006728e4c10e957011e1f24878e6054a,338,4,3,594680,4600,0,0,0,0,01be0ad4af7aeb1f6d2cc2b6b6d6d811,48ec4e6c52f418d5ca4ef510ba473ea0,0370a0d090da0d0edc6319f120187e0e,0370a0d090da0d0edc6319f120187e0e,2,5,0,0
006728e4c10e957011e1f24878e6054a,339,6,3,594690,4600,28,0,0,0,45ba8fc87f55b1191c50c400dc7ed11c,42e0d7167f04a4ff958c6442da0e6851,48ec4e6c52f418d5ca4ef510ba473ea0,227d578f7628770519b586873c704e07,3,4,5,1
006728e4c10e957011e1f24878e6054a,341,2,3,595040,4420,1,3,0,0,45ba8fc87f55b1191c50c400dc7ed11c,616281dee946056b071699476fdee9ec,0370a0d090da0d0edc6319f120187e0e,0370a0d090da0d0edc6319f120187e0e,3,5,0,0
006728e4c10e957011e1f24878e6054a,342,4,3,595070,4380,0,0,0,0,45ba8fc87f55b1191c50c400dc7ed11c,42e0d7167f04a4ff958c6442da0e6851,0370a0d090da0d0edc6319f120187e0e,0370a0d090da0d0edc6319f120187e0e,3,4,0,0
006728e4c10e957011e1f24878e6054a,343,1,3,595220,4230,79,2,0,0,01be0ad4af7aeb1f6d2cc2b6b6d6d811,766802a8fda500d7945950de7398c9c6,0370a0d090da0d0edc6319f120187e0e,0370a0d090da0d0edc6319f120187e0e,2,4,0,0
006728e4c10e957011e1f24878e6054a,344,9,3,595360,4120,1,0,0,0,45ba8fc87f55b1191c50c400dc7ed11c,c9ef395e3fd4c1dda4a4427fd86ec1d6,0370a0d090da0d0edc6319f120187e0e,0370a0d090da0d0edc6319f120187e0e,3,3,0,0
006728e4c10e957011e1f24878e6054a,345,20,3,597610,4120,3,0,0,0,45ba8fc87f55b1191c50c400dc7ed11c,0370a0d090da0d0edc6319f120187e0e,0370a0d090da0d0edc6319f120187e0e,0370a0d090da0d0edc6319f120187e0e,3,0,0,0
006728e4c10e957011e1f24878e6054a,346,6,3,597750,4020,2,1,0,2,45ba8fc87f55b1191c50c400dc7ed11c,618f6d58ab2881152607c2a6e057bc51,e814950408915f43de2b079dce7c21c5,0b1c631effab25d4af2d16fc123c3d31,3,4,5,1
006728e4c10e957011e1f24878e6054a,348,3,3,597970,4020,11,1,0,0,45ba8fc87f55b1191c50c400dc7ed11c,e814950408915f43de2b079dce7c21c5,0370a0d090da0d0edc6319f120187e0e,0370a0d090da0d0edc6319f120187e0e,3,5,0,0
006728e4c10e957011e1f24878e6054a,349,8,3,597980,4020,0,0,0,0,45ba8fc87f55b1191c50c400dc7ed11c,618f6d58ab2881152607c2a6e057bc51,5db9c1c8184510fee8161e7fafdc9c49,0370a0d090da0d0edc6319f120187e0e,3,4,4,0
006728e4c10e957011e1f24878e6054a,351,3,3,598150,4020,12,1,0,0,45ba8fc87f55b1191c50c400dc7ed11c,e814950408915f43de2b079dce7c21c5,0370a0d090da0d0edc6319f120187e0e,0370a0d090da0d0edc6319f120187e0e,3,5,0,0
006728e4c10e957011e1f24878e6054a,352,6,3,598300,3930,4,1,0,0,01be0ad4af7aeb1f6d2cc2b6b6d6d811,42e0d7167f04a4ff958c6442da0e6851,616281dee946056b071699476fdee9ec,0b1c631effab25d4af2d16fc123c3d31,2,4,5,1
006728e4c10e957011e1f24878e6054a,354,5,3,598300,3930,37,0,0,0,01be0ad4af7aeb1f6d2cc2b6b6d6d811,42e0d7167f04a4ff958c6442da0e6851,0370a0d090da0d0edc6319f120187e0e,0b1c631effab25d4af2d16fc123c3d31,2,4,0,1
006728e4c10e957011e1f24878e6054a,355,1,3,598530,3820,52,2,0,0,45ba8fc87f55b1191c50c400dc7ed11c,e814950408915f43de2b079dce7c21c5,48ec4e6c52f418d5ca4ef510ba473ea0,0370a0d090da0d0edc6319f120187e0e,3,5,5,0
006728e4c10e957011e1f24878e6054a,357,2,3,598790,3560,63,2,0,0,01be0ad4af7aeb1f6d2cc2b6b6d6d811,5db9c1c8184510fee8161e7fafdc9c49,0370a0d090da0d0edc6319f120187e0e,0370a0d090da0d0edc6319f120187e0e,2,4,0,0
006728e4c10e957011e1f24878e6054a,358,4,3,598820,3530,0,0,0,0,01be0ad4af7aeb1f6d2cc2b6b6d6d811,99104de2626f67c1fa2ce70504970c3f,0370a0d090da0d0edc6319f120187e0e,0370a0d090da0d0edc6319f120187e0e,2,5,0,0
006728e4c10e957011e1f24878e6054a,359,2,3,599050,3300,44,2,0,0,45ba8fc87f55b1191c50c400dc7ed11c,616281dee946056b071699476fdee9ec,0370a0d090da0d0edc6319f120187e0e,42e0d7167f04a4ff958c6442da0e6851,3,5,0,4
006728e4c10e957011e1f24878e6054a,361,4,3,599080,3300,0,0,0,0,45ba8fc87f55b1191c50c400dc7ed11c,c9ef395e3fd4c1dda4a4427fd86ec1d6,0370a0d090da0d0edc6319f120187e0e,0370a0d090da0d0edc6319f120187e0e,3,3,0,0
006728e4c10e957011e1f24878e6054a,362,5,3,599090,3300,11,0,0,0,45ba8fc87f55b1191c50c400dc7ed11c,c9ef395e3fd4c1dda4a4427fd86ec1d6,0370a0d090da0d0edc6319f120187e0e,227d578f7628770519b586873c704e07,3,3,0,1
006728e4c10e957011e1f24878e6054a,363,1,3,599370,3160,79,2,0,0,01be0ad4af7aeb1f6d2cc2b6b6d6d811,766802a8fda500d7945950de7398c9c6,0370a0d090da0d0edc6319f120187e0e,0370a0d090da0d0edc6319f120187e0e,2,4,0,0
006728e4c10e957011e1f24878e6054a,364,1,3,599650,2880,1,2,0,0,45ba8fc87f55b1191c50c400dc7ed11c,616281dee946056b071699476fdee9ec,48ec4e6c52f418d5ca4ef510ba473ea0,0370a0d090da0d0edc6319f120187e0e,3,5,5,0
006728e4c10e957011e1f24878e6054a,366,5,3,599820,2710,1,1,0,0,01be0ad4af7aeb1f6d2cc2b6b6d6d811,42e0d7167f04a4ff958c6442da0e6851,99104de2626f67c1fa2ce70504970c3f,0370a0d090da0d0edc6319f120187e0e,2,4,5,0
006728e4c10e957011e1f24878e6054a,368,2,3,599960,2570,101,2,0,0,45ba8fc87f55b1191c50c400dc7ed11c,e814950408915f43de2b079dce7c21c5,0370a0d090da0d0edc6319f120187e0e,0370a0d090da0d0edc6319f120187e0e,3,5,0,0
006728e4c10e957011e1f24878e6054a,369,4,3,599990,2530,0,0,0,0,45ba8fc87f55b1191c50c400dc7ed11c,42e0d7167f04a4ff958c6442da0e6851,0370a0d090da0d0edc6319f120187e0e,0370a0d090da0d0edc6319f120187e0e,3,4,0,0
006728e4c10e957011e1f24878e6054a,370,2,3,600050,2480,101,2,1,0,01be0ad4af7aeb1f6d2cc2b6b6d6d811,766802a8fda500d7945950de7398c9c6,0370a0d090da0d0edc6319f120187e0e,0370a0d090da0d0edc6319f120187e0e,2,4,0,0
006728e4c10e957011e1f24878e6054a,371,4,3,600080,2480,0,0,0,0,01be0ad4af7aeb1f6d2cc2b6b6d6d811,d81d912f81fa43178f423aa89a713e96,0370a0d090da0d0edc6319f120187e0e,0370a0d090da0d0edc6319f120187e0e,2,5,0,0
006728e4c10e957011e1f24878e6054a,372,6,3,600200,2350,4,0,0,0,45ba8fc87f55b1191c50c400dc7ed11c,99104de2626f67c1fa2ce70504970c3f,766802a8fda500d7945950de7398c9c6,a1277b068e23d54de9770dd59b31879e,3,5,4,1
006728e4c10e957011e1f24878e6054a,374,5,3,600200,2350,37,0,0,0,45ba8fc87f55b1191c50c400dc7ed11c,99104de2626f67c1fa2ce70504970c3f,0370a0d090da0d0edc6319f120187e0e,a1277b068e23d54de9770dd59b31879e,3,5,0,1
006728e4c10e957011e1f24878e6054a,375,8,3,600270,2350,0,0,0,0,01be0ad4af7aeb1f6d2cc2b6b6d6d811,8d2127290c94bd41b82a2938734bc750,f4a5ca938177c407a9dab5412e39498f,0370a0d090da0d0edc6319f120187e0e,2,4,4,0
006728e4c10e957011e1f24878e6054a,377,8,3,600320,2350,0,0,0,0,01be0ad4af7aeb1f6d2cc2b6b6d6d811,d81d912f81fa43178f423aa89a713e96,4ef3dae16c436459ff05156abca5cebd,0370a0d090da0d0edc6319f120187e0e,2,5,5,0
006728e4c10e957011e1f24878e6054a,379,5,3,600550,2230,1,1,0,0,01be0ad4af7aeb1f6d2cc2b6b6d6d811,766802a8fda500d7945950de7398c9c6,4ef3dae16c436459ff05156abca5cebd,0370a0d090da0d0edc6319f120187e0e,2,4,5,0
006728e4c10e957011e1f24878e6054a,381,2,3,600590,2200,41,2,1,0,45ba8fc87f55b1191c50c400dc7ed11c,4ef3dae16c436459ff05156abca5cebd,0370a0d090da0d0edc6319f120187e0e,766802a8fda500d7945950de7398c9c6,3,5,0,4
006728e4c10e957011e1f24878e6054a,383,4,3,600610,2170,0,0,0,0,45ba8fc87f55b1191c50c400dc7ed11c,c5dd5b2e3b975f0849d9b74e74125cb9,0370a0d090da0d0edc6319f120187e0e,0370a0d090da0d0edc6319f120187e0e,3,4,0,0
006728e4c10e957011e1f24878e6054a,384,1,3,600630,2150,103,3,1,0,01be0ad4af7aeb1f6d2cc2b6b6d6d811,c5dd5b2e3b975f0849d9b74e74125cb9,0370a0d090da0d0edc6319f120187e0e,0370a0d090da0d0edc6319f120187e0e,2,4,0,0
006728e4c10e957011e1f24878e6054a,385,2,3,600780,2010,5,2,0,0,45ba8fc87f55b1191c50c400dc7ed11c,99104de2626f67c1fa2ce70504970c3f,0370a0d090da0d0edc6319f120187e0e,0370a0d090da0d0edc6319f120187e0e,3,5,0,0
006728e4c10e957011e1f24878e6054a,386,4,3,600810,2010,0,0,0,0,45ba8fc87f55b1191c50c400dc7ed11c,99104de2626f67c1fa2ce70504970c3f,0370a0d090da0d0edc6319f120187e0e,0370a0d090da0d0edc6319f120187e0e,3,5,0,0
006728e4c10e957011e1f24878e6054a,387,2,3,600810,1980,97,2,0,0,45ba8fc87f55b1191c50c400dc7ed11c,99104de2626f67c1fa2ce70504970c3f,0370a0d090da0d0edc6319f120187e0e,0370a0d090da0d0edc6319f120187e0e,3,5,0,0
006728e4c10e957011e1f24878e6054a,388,4,3,600840,1970,0,0,0,0,45ba8fc87f55b1191c50c400dc7ed11c,99104de2626f67c1fa2ce70504970c3f,0370a0d090da0d0edc6319f120187e0e,0370a0d090da0d0edc6319f120187e0e,3,5,0,0
006728e4c10e957011e1f24878e6054a,389,2,3,600840,1960,97,2,0,0,45ba8fc87f55b1191c50c400dc7ed11c,99104de2626f67c1fa2ce70504970c3f,0370a0d090da0d0edc6319f120187e0e,0370a0d090da0d0edc6319f120187e0e,3,5,0,0
006728e4c10e957011e1f24878e6054a,390,4,3,600860,1960,0,0,0,0,45ba8fc87f55b1191c50c400dc7ed11c,766802a8fda500d7945950de7398c9c6,0370a0d090da0d0edc6319f120187e0e,0370a0d090da0d0edc6319f120187e0e,3,4,0,0
006728e4c10e957011e1f24878e6054a,391,20,3,600880,1950,3,0,0,0,01be0ad4af7aeb1f6d2cc2b6b6d6d811,0370a0d090da0d0edc6319f120187e0e,0370a0d090da0d0edc6319f120187e0e,0370a0d090da0d0edc6319f120187e0e,2,0,0,0
006728e4c10e957011e1f24878e6054a,392,9,3,600990,1950,1,0,0,0,01be0ad4af7aeb1f6d2cc2b6b6d6d811,eb663a4ba8e90722905ef24a17c00df1,0370a0d090da0d0edc6319f120187e0e,0370a0d090da0d0edc6319f120187e0e,2,2,0,0
006728e4c10e957011e1f24878e6054a,393,8,3,602730,1950,0,0,0,0,01be0ad4af7aeb1f6d2cc2b6b6d6d811,766802a8fda500d7945950de7398c9c6,2ad626904c8b28cceb8e12c624a84240,0370a0d090da0d0edc6319f120187e0e,2,4,4,0
006728e4c10e957011e1f24878e6054a,394,8,3,602730,1950,0,0,0,0,01be0ad4af7aeb1f6d2cc2b6b6d6d811,616281dee946056b071699476fdee9ec,4413c19cf092bda39332d7833c90bfe6,0370a0d090da0d0edc6319f120187e0e,2,5,5,0
006728e4c10e957011e1f24878e6054a,395,8,3,602730,1950,0,0,0,0,01be0ad4af7aeb1f6d2cc2b6b6d6d811,99104de2626f67c1fa2ce70504970c3f,44230324724c84f122ac62a5f0918314,0370a0d090da0d0edc6319f120187e0e,2,5,5,0
006728e4c10e957011e1f24878e6054a,399,2,3,603370,1920,1,3,0,0,01be0ad4af7aeb1f6d2cc2b6b6d6d811,42e0d7167f04a4ff958c6442da0e6851,0370a0d090da0d0edc6319f120187e0e,0370a0d090da0d0edc6319f120187e0e,2,4,0,0
006728e4c10e957011e1f24878e6054a,400,4,3,603390,1890,0,0,0,0,01be0ad4af7aeb1f6d2cc2b6b6d6d811,4413c19cf092bda39332d7833c90bfe6,0370a0d090da0d0edc6319f120187e0e,0370a0d090da0d0edc6319f120187e0e,2,5,0,0
006728e4c10e957011e1f24878e6054a,401,2,3,603480,1810,1,3,0,0,45ba8fc87f55b1191c50c400dc7ed11c,44230324724c84f122ac62a5f0918314,0370a0d090da0d0edc6319f120187e0e,0370a0d090da0d0edc6319f120187e0e,3,5,0,0
006728e4c10e957011e1f24878e6054a,402,4,3,603530,1750,0,0,0,0,45ba8fc87f55b1191c50c400dc7ed11c,c5dd5b2e3b975f0849d9b74e74125cb9,0370a0d090da0d0edc6319f120187e0e,0370a0d090da0d0edc6319f120187e0e,3,4,0,0
006728e4c10e957011e1f24878e6054a,403,5,3,603650,1640,45,0,0,0,01be0ad4af7aeb1f6d2cc2b6b6d6d811,c5dd5b2e3b975f0849d9b74e74125cb9,0370a0d090da0d0edc6319f120187e0e,a1277b068e23d54de9770dd59b31879e,2,4,0,1
006728e4c10e957011e1f24878e6054a,404,2,3,603850,1500,79,2,0,0,45ba8fc87f55b1191c50c400dc7ed11c,44230324724c84f122ac62a5f0918314,0370a0d090da0d0edc6319f120187e0e,0370a0d090da0d0edc6319f120187e0e,3,5,0,0
006728e4c10e957011e1f24878e6054a,405,4,3,603880,1470,0,0,0,0,45ba8fc87f55b1191c50c400dc7ed11c,f4a5ca938177c407a9dab5412e39498f,0370a0d090da0d0edc6319f120187e0e,0370a0d090da0d0edc6319f120187e0e,3,4,0,0
006728e4c10e957011e1f24878e6054a,406,6,3,604000,1360,2,0,0,2,01be0ad4af7aeb1f6d2cc2b6b6d6d811,44230324724c84f122ac62a5f0918314,2ad626904c8b28cceb8e12c624a84240,a1277b068e23d54de9770dd59b31879e,2,5,4,1
006728e4c10e957011e1f24878e6054a,408,3,3,604280,1360,11,1,0,0,01be0ad4af7aeb1f6d2cc2b6b6d6d811,2ad626904c8b28cceb8e12c624a84240,0370a0d090da0d0edc6319f120187e0e,0370a0d090da0d0edc6319f120187e0e,2,4,0,0
006728e4c10e957011e1f24878e6054a,409,8,3,604300,1360,0,0,0,0,01be0ad4af7aeb1f6d2cc2b6b6d6d811,48ec4e6c52f418d5ca4ef510ba473ea0,4dd3d6a51dc97c651d3a86eec4362a1f,0370a0d090da0d0edc6319f120187e0e,2,5,5,0
006728e4c10e957011e1f24878e6054a,411,3,3,604460,1360,12,1,0,0,01be0ad4af7aeb1f6d2cc2b6b6d6d811,2ad626904c8b28cceb8e12c624a84240,0370a0d090da0d0edc6319f120187e0e,0370a0d090da0d0edc6319f120187e0e,2,4,0,0
006728e4c10e957011e1f24878e6054a,412,1,3,604670,1170,102,2,0,0,45ba8fc87f55b1191c50c400dc7ed11c,44230324724c84f122ac62a5f0918314,0370a0d090da0d0edc6319f120187e0e,0370a0d090da0d0edc6319f120187e0e,3,5,0,0
006728e4c10e957011e1f24878e6054a,413,6,3,604860,1010,1,0,0,0,01be0ad4af7aeb1f6d2cc2b6b6d6d811,44230324724c84f122ac62a5f0918314,f4a5ca938177c407a9dab5412e39498f,227d578f7628770519b586873c704e07,2,5,4,1
006728e4c10e957011e1f24878e6054a,415,6,3,605040,980,2,1,0,2,01be0ad4af7aeb1f6d2cc2b6b6d6d811,4413c19cf092bda39332d7833c90bfe6,42e0d7167f04a4ff958c6442da0e6851,a1277b068e23d54de9770dd59b31879e,2,5,4,1
006728e4c10e957011e1f24878e6054a,417,3,3,605270,980,11,1,0,0,01be0ad4af7aeb1f6d2cc2b6b6d6d811,42e0d7167f04a4ff958c6442da0e6851,0370a0d090da0d0edc6319f120187e0e,0370a0d090da0d0edc6319f120187e0e,2,4,0,0
006728e4c10e957011e1f24878e6054a,418,3,3,605470,980,12,2,0,0,01be0ad4af7aeb1f6d2cc2b6b6d6d811,42e0d7167f04a4ff958c6442da0e6851,0370a0d090da0d0edc6319f120187e0e,0370a0d090da0d0edc6319f120187e0e,2,4,0,0
006728e4c10e957011e1f24878e6054a,419,4,3,605480,960,0,0,0,0,01be0ad4af7aeb1f6d2cc2b6b6d6d811,e814950408915f43de2b079dce7c21c5,0370a0d090da0d0edc6319f120187e0e,0370a0d090da0d0edc6319f120187e0e,2,5,0,0
006728e4c10e957011e1f24878e6054a,420,2,3,605600,830,80,2,0,0,45ba8fc87f55b1191c50c400dc7ed11c,e814950408915f43de2b079dce7c21c5,0370a0d090da0d0edc6319f120187e0e,0370a0d090da0d0edc6319f120187e0e,3,5,0,0
006728e4c10e957011e1f24878e6054a,421,4,3,605670,760,0,0,0,0,45ba8fc87f55b1191c50c400dc7ed11c,4413c19cf092bda39332d7833c90bfe6,0370a0d090da0d0edc6319f120187e0e,0370a0d090da0d0edc6319f120187e0e,3,5,0,0
006728e4c10e957011e1f24878e6054a,422,1,3,605670,760,72,2,0,0,45ba8fc87f55b1191c50c400dc7ed11c,4413c19cf092bda39332d7833c90bfe6,0370a0d090da0d0edc6319f120187e0e,0370a0d090da0d0edc6319f120187e0e,3,5,0,0
006728e4c10e957011e1f24878e6054a,423,6,3,605840,620,2,1,0,2,01be0ad4af7aeb1f6d2cc2b6b6d6d811,4413c19cf092bda39332d7833c90bfe6,c5dd5b2e3b975f0849d9b74e74125cb9,0b1c631effab25d4af2d16fc123c3d31,2,5,4,1
006728e4c10e957011e1f24878e6054a,425,3,3,606090,620,11,1,0,0,01be0ad4af7aeb1f6d2cc2b6b6d6d811,c5dd5b2e3b975f0849d9b74e74125cb9,0370a0d090da0d0edc6319f120187e0e,0370a0d090da0d0edc6319f120187e0e,2,4,0,0
006728e4c10e957011e1f24878e6054a,426,3,3,606230,620,12,1,0,0,01be0ad4af7aeb1f6d2cc2b6b6d6d811,c5dd5b2e3b975f0849d9b74e74125cb9,0370a0d090da0d0edc6319f120187e0e,0370a0d090da0d0edc6319f120187e0e,2,4,0,0
006728e4c10e957011e1f24878e6054a,427,2,3,606490,389,79,3,0,0,45ba8fc87f55b1191c50c400dc7ed11c,4dd3d6a51dc97c651d3a86eec4362a1f,0370a0d090da0d0edc6319f120187e0e,c5dd5b2e3b975f0849d9b74e74125cb9,3,5,0,4
006728e4c10e957011e1f24878e6054a,429,4,3,606520,355,0,0,0,0,45ba8fc87f55b1191c50c400dc7ed11c,42e0d7167f04a4ff958c6442da0e6851,0370a0d090da0d0edc6319f120187e0e,0370a0d090da0d0edc6319f120187e0e,3,4,0,0
006728e4c10e957011e1f24878e6054a,430,1,3,606610,277,47,2,0,0,01be0ad4af7aeb1f6d2cc2b6b6d6d811,c5dd5b2e3b975f0849d9b74e74125cb9,0370a0d090da0d0edc6319f120187e0e,0370a0d090da0d0edc6319f120187e0e,2,4,0,0
006728e4c10e957011e1f24878e6054a,431,1,3,606840,85,47,2,0,0,45ba8fc87f55b1191c50c400dc7ed11c,e814950408915f43de2b079dce7c21c5,0370a0d090da0d0edc6319f120187e0e,0370a0d090da0d0edc6319f120187e0e,3,5,0,0
006728e4c10e957011e1f24878e6054a,432,2,3,606940,19,101,2,0,0,01be0ad4af7aeb1f6d2cc2b6b6d6d811,c5dd5b2e3b975f0849d9b74e74125cb9,0370a0d090da0d0edc6319f120187e0e,0370a0d090da0d0edc6319f120187e0e,2,4,0,0
006728e4c10e957011e1f24878e6054a,433,4,3,606990,3,0,0,0,0,01be0ad4af7aeb1f6d2cc2b6b6d6d811,5db9c1c8184510fee8161e7fafdc9c49,0370a0d090da0d0edc6319f120187e0e,0370a0d090da0d0edc6319f120187e0e,2,4,0,0
006728e4c10e957011e1f24878e6054a,434,1,3,606990,3,97,2,0,0,01be0ad4af7aeb1f6d2cc2b6b6d6d811,5db9c1c8184510fee8161e7fafdc9c49,0370a0d090da0d0edc6319f120187e0e,0370a0d090da0d0edc6319f120187e0e,2,4,0,0
006728e4c10e957011e1f24878e6054a,435,13,3,607180,0,0,0,0,0,45ba8fc87f55b1191c50c400dc7ed11c,0370a0d090da0d0edc6319f120187e0e,0370a0d090da0d0edc6319f120187e0e,0370a0d090da0d0edc6319f120187e0e,3,0,0,0
006728e4c10e957011e1f24878e6054a,438,12,4,609190,7200,0,0,0,0,01be0ad4af7aeb1f6d2cc2b6b6d6d811,0370a0d090da0d0edc6319f120187e0e,0370a0d090da0d0edc6319f120187e0e,0370a0d090da0d0edc6319f120187e0e,2,0,0,0
006728e4c10e957011e1f24878e6054a,439,2,4,609400,6990,6,2,0,0,01be0ad4af7aeb1f6d2cc2b6b6d6d811,42e0d7167f04a4ff958c6442da0e6851,0370a0d090da0d0edc6319f120187e0e,0370a0d090da0d0edc6319f120187e0e,2,4,0,0
006728e4c10e957011e1f24878e6054a,440,4,4,609420,6970,0,0,0,0,01be0ad4af7aeb1f6d2cc2b6b6d6d811,4ef3dae16c436459ff05156abca5cebd,0370a0d090da0d0edc6319f120187e0e,0370a0d090da0d0edc6319f120187e0e,2,5,0,0
006728e4c10e957011e1f24878e6054a,441,6,4,609480,6930,2,0,0,2,45ba8fc87f55b1191c50c400dc7ed11c,5db9c1c8184510fee8161e7fafdc9c49,4413c19cf092bda39332d7833c90bfe6,0b1c631effab25d4af2d16fc123c3d31,3,4,5,1
006728e4c10e957011e1f24878e6054a,443,3,4,609710,6930,11,1,1,0,45ba8fc87f55b1191c50c400dc7ed11c,4413c19cf092bda39332d7833c90bfe6,0370a0d090da0d0edc6319f120187e0e,0370a0d090da0d0edc6319f120187e0e,3,5,0,0
006728e4c10e957011e1f24878e6054a,444,8,4,609720,6930,0,0,0,0,45ba8fc87f55b1191c50c400dc7ed11c,c5dd5b2e3b975f0849d9b74e74125cb9,766802a8fda500d7945950de7398c9c6,0370a0d090da0d0edc6319f120187e0e,3,4,4,0
006728e4c10e957011e1f24878e6054a,446,3,4,609920,6930,12,1,1,0,45ba8fc87f55b1191c50c400dc7ed11c,4413c19cf092bda39332d7833c90bfe6,0370a0d090da0d0edc6319f120187e0e,0370a0d090da0d0edc6319f120187e0e,3,5,0,0
006728e4c10e957011e1f24878e6054a,447,2,4,610110,6770,63,2,0,0,01be0ad4af7aeb1f6d2cc2b6b6d6d811,f4a5ca938177c407a9dab5412e39498f,0370a0d090da0d0edc6319f120187e0e,0370a0d090da0d0edc6319f120187e0e,2,4,0,0
006728e4c10e957011e1f24878e6054a,448,4,4,610140,6730,0,0,0,0,01be0ad4af7aeb1f6d2cc2b6b6d6d811,4413c19cf092bda39332d7833c90bfe6,0370a0d090da0d0edc6319f120187e0e,0370a0d090da0d0edc6319f120187e0e,2,5,0,0
006728e4c10e957011e1f24878e6054a,449,20,4,610340,6560,3,0,0,0,45ba8fc87f55b1191c50c400dc7ed11c,0370a0d090da0d0edc6319f120187e0e,0370a0d090da0d0edc6319f120187e0e,0370a0d090da0d0edc6319f120187e0e,3,0,0,0
006728e4c10e957011e1f24878e6054a,450,8,4,610460,6560,0,0,0,0,45ba8fc87f55b1191c50c400dc7ed11c,42e0d7167f04a4ff958c6442da0e6851,8d2127290c94bd41b82a2938734bc750,0370a0d090da0d0edc6319f120187e0e,3,4,4,0
006728e4c10e957011e1f24878e6054a,452,2,4,610650,6520,79,3,0,0,45ba8fc87f55b1191c50c400dc7ed11c,4413c19cf092bda39332d7833c90bfe6,0370a0d090da0d0edc6319f120187e0e,0370a0d090da0d0edc6319f120187e0e,3,5,0,0
006728e4c10e957011e1f24878e6054a,453,4,4,610680,6490,0,0,0,0,45ba8fc87f55b1191c50c400dc7ed11c,766802a8fda500d7945950de7398c9c6,0370a0d090da0d0edc6319f120187e0e,0370a0d090da0d0edc6319f120187e0e,3,4,0,0
006728e4c10e957011e1f24878e6054a,454,2,4,610760,6410,79,2,0,0,01be0ad4af7aeb1f6d2cc2b6b6d6d811,766802a8fda500d7945950de7398c9c6,0370a0d090da0d0edc6319f120187e0e,0370a0d090da0d0edc6319f120187e0e,2,4,0,0
006728e4c10e957011e1f24878e6054a,455,4,4,610800,6380,0,0,0,0,01be0ad4af7aeb1f6d2cc2b6b6d6d811,4413c19cf092bda39332d7833c90bfe6,0370a0d090da0d0edc6319f120187e0e,0370a0d090da0d0edc6319f120187e0e,2,5,0,0
006728e4c10e957011e1f24878e6054a,456,1,4,610960,6210,1,3,0,0,45ba8fc87f55b1191c50c400dc7ed11c,4dd3d6a51dc97c651d3a86eec4362a1f,4413c19cf092bda39332d7833c90bfe6,0370a0d090da0d0edc6319f120187e0e,3,5,5,0
006728e4c10e957011e1f24878e6054a,458,6,4,611200,5980,2,0,0,2,01be0ad4af7aeb1f6d2cc2b6b6d6d811,5cce6ffa455e6372d9de0de400482ab6,766802a8fda500d7945950de7398c9c6,0b1c631effab25d4af2d16fc123c3d31,2,5,4,1
006728e4c10e957011e1f24878e6054a,460,3,4,611500,5980,11,1,0,0,01be0ad4af7aeb1f6d2cc2b6b6d6d811,766802a8fda500d7945950de7398c9c6,0370a0d090da0d0edc6319f120187e0e,0370a0d090da0d0edc6319f120187e0e,2,4,0,0
006728e4c10e957011e1f24878e6054a,461,8,4,611510,5980,0,0,0,0,01be0ad4af7aeb1f6d2cc2b6b6d6d811,5db9c1c8184510fee8161e7fafdc9c49,c5dd5b2e3b975f0849d9b74e74125cb9,0370a0d090da0d0edc6319f120187e0e,2,4,4,0
006728e4c10e957011e1f24878e6054a,463,20,4,611810,5980,4,0,0,0,01be0ad4af7aeb1f6d2cc2b6b6d6d811,0370a0d090da0d0edc6319f120187e0e,0370a0d090da0d0edc6319f120187e0e,0370a0d090da0d0edc6319f120187e0e,2,0,0,0
006728e4c10e957011e1f24878e6054a,464,3,4,611860,5980,12,1,0,0,01be0ad4af7aeb1f6d2cc2b6b6d6d811,766802a8fda500d7945950de7398c9c6,0370a0d090da0d0edc6319f120187e0e,0370a0d090da0d0edc6319f120187e0e,2,4,0,0
006728e4c10e957011e1f24878e6054a,465,20,4,612050,5850,3,0,0,0,45ba8fc87f55b1191c50c400dc7ed11c,0370a0d090da0d0edc6319f120187e0e,0370a0d090da0d0edc6319f120187e0e,0370a0d090da0d0edc6319f120187e0e,3,0,0,0
006728e4c10e957011e1f24878e6054a,466,1,4,612290,5760,58,2,0,0,45ba8fc87f55b1191c50c400dc7ed11c,5cce6ffa455e6372d9de0de400482ab6,0370a0d090da0d0edc6319f120187e0e,0370a0d090da0d0edc6319f120187e0e,3,5,0,0
006728e4c10e957011e1f24878e6054a,467,2,4,612490,5550,6,2,0,0,01be0ad4af7aeb1f6d2cc2b6b6d6d811,c5dd5b2e3b975f0849d9b74e74125cb9,0370a0d090da0d0edc6319f120187e0e,0370a0d090da0d0edc6319f120187e0e,2,4,0,0
006728e4c10e957011e1f24878e6054a,468,4,4,612510,5530,0,0,0,0,01be0ad4af7aeb1f6d2cc2b6b6d6d811,4dd3d6a51dc97c651d3a86eec4362a1f,0370a0d090da0d0edc6319f120187e0e,0370a0d090da0d0edc6319f120187e0e,2,5,0,0
006728e4c10e957011e1f24878e6054a,469,6,4,612530,5530,1,0,0,0,45ba8fc87f55b1191c50c400dc7ed11c,2ad626904c8b28cceb8e12c624a84240,4dd3d6a51dc97c651d3a86eec4362a1f,227d578f7628770519b586873c704e07,3,4,5,1
006728e4c10e957011e1f24878e6054a,471,2,4,612780,5460,101,2,0,0,45ba8fc87f55b1191c50c400dc7ed11c,4ef3dae16c436459ff05156abca5cebd,0370a0d090da0d0edc6319f120187e0e,0370a0d090da0d0edc6319f120187e0e,3,5,0,0
006728e4c10e957011e1f24878e6054a,472,4,4,612820,5450,0,0,0,0,45ba8fc87f55b1191c50c400dc7ed11c,4413c19cf092bda39332d7833c90bfe6,0370a0d090da0d0edc6319f120187e0e,0370a0d090da0d0edc6319f120187e0e,3,5,0,0
006728e4c10e957011e1f24878e6054a,518,2,4,612800,5440,97,2,0,0,45ba8fc87f55b1191c50c400dc7ed11c,4413c19cf092bda39332d7833c90bfe6,0370a0d090da0d0edc6319f120187e0e,0370a0d090da0d0edc6319f120187e0e,3,5,0,0
006728e4c10e957011e1f24878e6054a,519,4,4,612800,5430,0,0,0,0,45ba8fc87f55b1191c50c400dc7ed11c,4413c19cf092bda39332d7833c90bfe6,0370a0d090da0d0edc6319f120187e0e,0370a0d090da0d0edc6319f120187e0e,3,5,0,0
006728e4c10e957011e1f24878e6054a,473,6,4,612830,5430,2,0,0,2,45ba8fc87f55b1191c50c400dc7ed11c,2ad626904c8b28cceb8e12c624a84240,4413c19cf092bda39332d7833c90bfe6,a1277b068e23d54de9770dd59b31879e,3,4,5,1
006728e4c10e957011e1f24878e6054a,475,3,4,613100,5430,11,2,0,0,45ba8fc87f55b1191c50c400dc7ed11c,4413c19cf092bda39332d7833c90bfe6,0370a0d090da0d0edc6319f120187e0e,0370a0d090da0d0edc6319f120187e0e,3,5,0,0
006728e4c10e957011e1f24878e6054a,476,4,4,613100,5430,1,0,0,0,45ba8fc87f55b1191c50c400dc7ed11c,c9ef395e3fd4c1dda4a4427fd86ec1d6,0370a0d090da0d0edc6319f120187e0e,0370a0d090da0d0edc6319f120187e0e,3,3,0,0
006728e4c10e957011e1f24878e6054a,477,3,4,613270,5430,12,1,0,0,45ba8fc87f55b1191c50c400dc7ed11c,4413c19cf092bda39332d7833c90bfe6,0370a0d090da0d0edc6319f120187e0e,0370a0d090da0d0edc6319f120187e0e,3,5,0,0
006728e4c10e957011e1f24878e6054a,478,5,4,613450,5270,1,1,0,0,01be0ad4af7aeb1f6d2cc2b6b6d6d811,766802a8fda500d7945950de7398c9c6,5cce6ffa455e6372d9de0de400482ab6,0370a0d090da0d0edc6319f120187e0e,2,4,5,0
006728e4c10e957011e1f24878e6054a,480,1,4,613510,5200,1,3,1,0,45ba8fc87f55b1191c50c400dc7ed11c,44230324724c84f122ac62a5f0918314,4ef3dae16c436459ff05156abca5cebd,0370a0d090da0d0edc6319f120187e0e,3,5,5,0
006728e4c10e957011e1f24878e6054a,483,9,4,613650,5200,1,0,0,0,01be0ad4af7aeb1f6d2cc2b6b6d6d811,eb663a4ba8e90722905ef24a17c00df1,0370a0d090da0d0edc6319f120187e0e,0370a0d090da0d0edc6319f120187e0e,2,2,0,0
006728e4c10e957011e1f24878e6054a,484,8,4,614860,5200,0,0,0,0,01be0ad4af7aeb1f6d2cc2b6b6d6d811,f4a5ca938177c407a9dab5412e39498f,42e0d7167f04a4ff958c6442da0e6851,0370a0d090da0d0edc6319f120187e0e,2,4,4,0
006728e4c10e957011e1f24878e6054a,486,2,4,615860,5050,6,2,0,0,01be0ad4af7aeb1f6d2cc2b6b6d6d811,2ad626904c8b28cceb8e12c624a84240,0370a0d090da0d0edc6319f120187e0e,0370a0d090da0d0edc6319f120187e0e,2,4,0,0
006728e4c10e957011e1f24878e6054a,487,4,4,615880,5020,0,0,0,0,01be0ad4af7aeb1f6d2cc2b6b6d6d811,8d2127290c94bd41b82a2938734bc750,0370a0d090da0d0edc6319f120187e0e,0370a0d090da0d0edc6319f120187e0e,2,4,0,0
006728e4c10e957011e1f24878e6054a,488,1,4,615900,5010,1,3,0,0,01be0ad4af7aeb1f6d2cc2b6b6d6d811,c5dd5b2e3b975f0849d9b74e74125cb9,8d2127290c94bd41b82a2938734bc750,0370a0d090da0d0edc6319f120187e0e,2,4,4,0
006728e4c10e957011e1f24878e6054a,490,5,4,616190,4710,2,1,0,0,45ba8fc87f55b1191c50c400dc7ed11c,4ef3dae16c436459ff05156abca5cebd,2ad626904c8b28cceb8e12c624a84240,0370a0d090da0d0edc6319f120187e0e,3,5,4,0
006728e4c10e957011e1f24878e6054a,492,5,4,616220,4690,1,1,0,0,01be0ad4af7aeb1f6d2cc2b6b6d6d811,8d2127290c94bd41b82a2938734bc750,44230324724c84f122ac62a5f0918314,0370a0d090da0d0edc6319f120187e0e,2,4,5,0
006728e4c10e957011e1f24878e6054a,494,2,4,616290,4620,1,3,0,0,45ba8fc87f55b1191c50c400dc7ed11c,4dd3d6a51dc97c651d3a86eec4362a1f,0370a0d090da0d0edc6319f120187e0e,0370a0d090da0d0edc6319f120187e0e,3,5,0,0
006728e4c10e957011e1f24878e6054a,495,4,4,616310,4590,0,0,0,0,45ba8fc87f55b1191c50c400dc7ed11c,5cce6ffa455e6372d9de0de400482ab6,0370a0d090da0d0edc6319f120187e0e,0370a0d090da0d0edc6319f120187e0e,3,5,0,0
006728e4c10e957011e1f24878e6054a,496,1,4,616410,4500,6,2,0,0,45ba8fc87f55b1191c50c400dc7ed11c,4ef3dae16c436459ff05156abca5cebd,0370a0d090da0d0edc6319f120187e0e,0370a0d090da0d0edc6319f120187e0e,3,5,0,0
006728e4c10e957011e1f24878e6054a,497,2,4,616560,4350,6,2,0,0,01be0ad4af7aeb1f6d2cc2b6b6d6d811,c5dd5b2e3b975f0849d9b74e74125cb9,0370a0d090da0d0edc6319f120187e0e,5cce6ffa455e6372d9de0de400482ab6,2,4,0,5
006728e4c10e957011e1f24878e6054a,499,4,4,616590,4350,0,0,0,0,01be0ad4af7aeb1f6d2cc2b6b6d6d811,4ef3dae16c436459ff05156abca5cebd,0370a0d090da0d0edc6319f120187e0e,0370a0d090da0d0edc6319f120187e0e,2,5,0,0
006728e4c10e957011e1f24878e6054a,500,6,4,616730,4200,1,0,0,0,45ba8fc87f55b1191c50c400dc7ed11c,2ad626904c8b28cceb8e12c624a84240,4dd3d6a51dc97c651d3a86eec4362a1f,0b1c631effab25d4af2d16fc123c3d31,3,4,5,1
006728e4c10e957011e1f24878e6054a,502,2,4,616970,4140,98,2,0,0,45ba8fc87f55b1191c50c400dc7ed11c,4413c19cf092bda39332d7833c90bfe6,0370a0d090da0d0edc6319f120187e0e,0370a0d090da0d0edc6319f120187e0e,3,5,0,0
006728e4c10e957011e1f24878e6054a,503,4,4,616980,4120,0,0,0,0,45ba8fc87f55b1191c50c400dc7ed11c,5cce6ffa455e6372d9de0de400482ab6,0370a0d090da0d0edc6319f120187e0e,0370a0d090da0d0edc6319f120187e0e,3,5,0,0
006728e4c10e957011e1f24878e6054a,504,1,4,616990,4110,87,2,0,0,45ba8fc87f55b1191c50c400dc7ed11c,5cce6ffa455e6372d9de0de400482ab6,0370a0d090da0d0edc6319f120187e0e,0370a0d090da0d0edc6319f120187e0e,3,5,0,0
006728e4c10e957011e1f24878e6054a,505,2,4,617230,3870,79,2,0,0,01be0ad4af7aeb1f6d2cc2b6b6d6d811,766802a8fda500d7945950de7398c9c6,0370a0d090da0d0edc6319f120187e0e,0370a0d090da0d0edc6319f120187e0e,2,4,0,0
006728e4c10e957011e1f24878e6054a,506,4,4,617260,3840,0,0,0,0,01be0ad4af7aeb1f6d2cc2b6b6d6d811,42e0d7167f04a4ff958c6442da0e6851,0370a0d090da0d0edc6319f120187e0e,0370a0d090da0d0edc6319f120187e0e,2,4,0,0
006728e4c10e957011e1f24878e6054a,507,6,4,617400,3750,2,0,0,2,01be0ad4af7aeb1f6d2cc2b6b6d6d811,4413c19cf092bda39332d7833c90bfe6,766802a8fda500d7945950de7398c9c6,0b1c631effab25d4af2d16fc123c3d31,2,5,4,1
006728e4c10e957011e1f24878e6054a,509,3,4,617740,3750,11,1,0,0,01be0ad4af7aeb1f6d2cc2b6b6d6d811,766802a8fda500d7945950de7398c9c6,0370a0d090da0d0edc6319f120187e0e,0370a0d090da0d0edc6319f120187e0e,2,4,0,0
006728e4c10e957011e1f24878e6054a,510,8,4,617750,3750,0,0,0,0,01be0ad4af7aeb1f6d2cc2b6b6d6d811,2ad626904c8b28cceb8e12c624a84240,618f6d58ab2881152607c2a6e057bc51,0370a0d090da0d0edc6319f120187e0e,2,4,4,0
006728e4c10e957011e1f24878e6054a,512,3,4,617960,3750,12,1,0,0,01be0ad4af7aeb1f6d2cc2b6b6d6d811,766802a8fda500d7945950de7398c9c6,0370a0d090da0d0edc6319f120187e0e,0370a0d090da0d0edc6319f120187e0e,2,4,0,0
006728e4c10e957011e1f24878e6054a,513,9,4,618000,3750,1,0,0,0,45ba8fc87f55b1191c50c400dc7ed11c,c9ef395e3fd4c1dda4a4427fd86ec1d6,0370a0d090da0d0edc6319f120187e0e,0370a0d090da0d0edc6319f120187e0e,3,3,0,0
006728e4c10e957011e1f24878e6054a,514,8,4,619550,3750,0,0,0,0,45ba8fc87f55b1191c50c400dc7ed11c,44230324724c84f122ac62a5f0918314,48ec4e6c52f418d5ca4ef510ba473ea0,0370a0d090da0d0edc6319f120187e0e,3,5,5,0
006728e4c10e957011e1f24878e6054a,515,8,4,619550,3750,0,0,0,0,45ba8fc87f55b1191c50c400dc7ed11c,4413c19cf092bda39332d7833c90bfe6,99104de2626f67c1fa2ce70504970c3f,0370a0d090da0d0edc6319f120187e0e,3,5,5,0
006728e4c10e957011e1f24878e6054a,520,1,4,620260,3630,98,2,0,0,45ba8fc87f55b1191c50c400dc7ed11c,99104de2626f67c1fa2ce70504970c3f,4ef3dae16c436459ff05156abca5cebd,0370a0d090da0d0edc6319f120187e0e,3,5,5,0
006728e4c10e957011e1f24878e6054a,522,2,4,620500,3390,79,3,0,0,01be0ad4af7aeb1f6d2cc2b6b6d6d811,c5dd5b2e3b975f0849d9b74e74125cb9,0370a0d090da0d0edc6319f120187e0e,0370a0d090da0d0edc6319f120187e0e,2,4,0,0
006728e4c10e957011e1f24878e6054a,523,4,4,620530,3350,0,0,0,0,01be0ad4af7aeb1f6d2cc2b6b6d6d811,5cce6ffa455e6372d9de0de400482ab6,0370a0d090da0d0edc6319f120187e0e,0370a0d090da0d0edc6319f120187e0e,2,5,0,0
006728e4c10e957011e1f24878e6054a,524,1,4,620770,3120,101,2,0,0,45ba8fc87f55b1191c50c400dc7ed11c,48ec4e6c52f418d5ca4ef510ba473ea0,0370a0d090da0d0edc6319f120187e0e,0370a0d090da0d0edc6319f120187e0e,3,5,0,0
006728e4c10e957011e1f24878e6054a,525,2,4,620960,2930,1,2,0,0,01be0ad4af7aeb1f6d2cc2b6b6d6d811,618f6d58ab2881152607c2a6e057bc51,0370a0d090da0d0edc6319f120187e0e,0370a0d090da0d0edc6319f120187e0e,2,4,0,0
006728e4c10e957011e1f24878e6054a,526,4,4,620980,2910,0,0,0,0,01be0ad4af7aeb1f6d2cc2b6b6d6d811,5cce6ffa455e6372d9de0de400482ab6,0370a0d090da0d0edc6319f120187e0e,0370a0d090da0d0edc6319f120187e0e,2,5,0,0
006728e4c10e957011e1f24878e6054a,527,2,4,621020,2870,1,3,1,0,45ba8fc87f55b1191c50c400dc7ed11c,4dd3d6a51dc97c651d3a86eec4362a1f,0370a0d090da0d0edc6319f120187e0e,0370a0d090da0d0edc6319f120187e0e,3,5,0,0
006728e4c10e957011e1f24878e6054a,528,4,4,621060,2830,0,0,0,0,45ba8fc87f55b1191c50c400dc7ed11c,4ef3dae16c436459ff05156abca5cebd,0370a0d090da0d0edc6319f120187e0e,0370a0d090da0d0edc6319f120187e0e,3,5,0,0
006728e4c10e957011e1f24878e6054a,529,2,4,621200,2680,1,2,0,0,45ba8fc87f55b1191c50c400dc7ed11c,99104de2626f67c1fa2ce70504970c3f,0370a0d090da0d0edc6319f120187e0e,0370a0d090da0d0edc6319f120187e0e,3,5,0,0
006728e4c10e957011e1f24878e6054a,530,4,4,621230,2650,0,0,0,0,45ba8fc87f55b1191c50c400dc7ed11c,8d2127290c94bd41b82a2938734bc750,0370a0d090da0d0edc6319f120187e0e,0370a0d090da0d0edc6319f120187e0e,3,4,0,0
006728e4c10e957011e1f24878e6054a,531,1,4,621270,2620,1,3,1,0,01be0ad4af7aeb1f6d2cc2b6b6d6d811,c5dd5b2e3b975f0849d9b74e74125cb9,766802a8fda500d7945950de7398c9c6,0370a0d090da0d0edc6319f120187e0e,2,4,4,0
006728e4c10e957011e1f24878e6054a,533,1,4,621470,2410,6,2,0,0,45ba8fc87f55b1191c50c400dc7ed11c,48ec4e6c52f418d5ca4ef510ba473ea0,0370a0d090da0d0edc6319f120187e0e,0370a0d090da0d0edc6319f120187e0e,3,5,0,0
006728e4c10e957011e1f24878e6054a,534,5,4,621560,2330,1,1,0,0,01be0ad4af7aeb1f6d2cc2b6b6d6d811,c5dd5b2e3b975f0849d9b74e74125cb9,4ef3dae16c436459ff05156abca5cebd,0370a0d090da0d0edc6319f120187e0e,2,4,5,0
006728e4c10e957011e1f24878e6054a,536,1,4,621620,2290,98,2,1,0,45ba8fc87f55b1191c50c400dc7ed11c,5cce6ffa455e6372d9de0de400482ab6,4dd3d6a51dc97c651d3a86eec4362a1f,0370a0d090da0d0edc6319f120187e0e,3,5,5,0
006728e4c10e957011e1f24878e6054a,538,6,4,621680,2290,2,1,0,1,45ba8fc87f55b1191c50c400dc7ed11c,766802a8fda500d7945950de7398c9c6,5cce6ffa455e6372d9de0de400482ab6,0b1c631effab25d4af2d16fc123c3d31,3,4,5,1
006728e4c10e957011e1f24878e6054a,540,9,4,621910,2290,1,0,0,0,45ba8fc87f55b1191c50c400dc7ed11c,eb663a4ba8e90722905ef24a17c00df1,0370a0d090da0d0edc6319f120187e0e,0370a0d090da0d0edc6319f120187e0e,3,2,0,0
006728e4c10e957011e1f24878e6054a,541,8,4,622540,2290,0,0,0,0,45ba8fc87f55b1191c50c400dc7ed11c,8d2127290c94bd41b82a2938734bc750,2ad626904c8b28cceb8e12c624a84240,0370a0d090da0d0edc6319f120187e0e,3,4,4,0
006728e4c10e957011e1f24878e6054a,543,3,4,622880,2290,10,2,1,0,45ba8fc87f55b1191c50c400dc7ed11c,5cce6ffa455e6372d9de0de400482ab6,0370a0d090da0d0edc6319f120187e0e,0370a0d090da0d0edc6319f120187e0e,3,5,0,0
006728e4c10e957011e1f24878e6054a,544,4,4,622890,2290,0,0,0,0,45ba8fc87f55b1191c50c400dc7ed11c,c5dd5b2e3b975f0849d9b74e74125cb9,0370a0d090da0d0edc6319f120187e0e,0370a0d090da0d0edc6319f120187e0e,3,4,0,0
006728e4c10e957011e1f24878e6054a,545,1,4,623010,2150,43,2,0,0,01be0ad4af7aeb1f6d2cc2b6b6d6d811,42e0d7167f04a4ff958c6442da0e6851,766802a8fda500d7945950de7398c9c6,0370a0d090da0d0edc6319f120187e0e,2,4,4,0
006728e4c10e957011e1f24878e6054a,547,9,4,623100,2110,1,0,0,0,45ba8fc87f55b1191c50c400dc7ed11c,c9ef395e3fd4c1dda4a4427fd86ec1d6,0370a0d090da0d0edc6319f120187e0e,0370a0d090da0d0edc6319f120187e0e,3,3,0,0
006728e4c10e957011e1f24878e6054a,548,8,4,623670,2110,0,0,0,0,45ba8fc87f55b1191c50c400dc7ed11c,4dd3d6a51dc97c651d3a86eec4362a1f,e814950408915f43de2b079dce7c21c5,0370a0d090da0d0edc6319f120187e0e,3,5,5,0
006728e4c10e957011e1f24878e6054a,550,6,4,624200,1920,1,1,0,2,45ba8fc87f55b1191c50c400dc7ed11c,42e0d7167f04a4ff958c6442da0e6851,48ec4e6c52f418d5ca4ef510ba473ea0,227d578f7628770519b586873c704e07,3,4,5,1
006728e4c10e957011e1f24878e6054a,552,3,4,624440,1920,11,1,0,0,45ba8fc87f55b1191c50c400dc7ed11c,48ec4e6c52f418d5ca4ef510ba473ea0,0370a0d090da0d0edc6319f120187e0e,0370a0d090da0d0edc6319f120187e0e,3,5,0,0
006728e4c10e957011e1f24878e6054a,553,3,4,624640,1920,12,1,0,0,45ba8fc87f55b1191c50c400dc7ed11c,48ec4e6c52f418d5ca4ef510ba473ea0,0370a0d090da0d0edc6319f120187e0e,0370a0d090da0d0edc6319f120187e0e,3,5,0,0
006728e4c10e957011e1f24878e6054a,554,2,4,624820,1770,1,3,0,0,01be0ad4af7aeb1f6d2cc2b6b6d6d811,766802a8fda500d7945950de7398c9c6,0370a0d090da0d0edc6319f120187e0e,0370a0d090da0d0edc6319f120187e0e,2,4,0,0
006728e4c10e957011e1f24878e6054a,555,4,4,624850,1740,0,0,0,0,01be0ad4af7aeb1f6d2cc2b6b6d6d811,48ec4e6c52f418d5ca4ef510ba473ea0,0370a0d090da0d0edc6319f120187e0e,0370a0d090da0d0edc6319f120187e0e,2,5,0,0
006728e4c10e957011e1f24878e6054a,556,2,4,625010,1580,79,3,0,0,45ba8fc87f55b1191c50c400dc7ed11c,48ec4e6c52f418d5ca4ef510ba473ea0,0370a0d090da0d0edc6319f120187e0e,0370a0d090da0d0edc6319f120187e0e,3,5,0,0
006728e4c10e957011e1f24878e6054a,557,4,4,625050,1540,0,0,0,0,45ba8fc87f55b1191c50c400dc7ed11c,2ad626904c8b28cceb8e12c624a84240,0370a0d090da0d0edc6319f120187e0e,0370a0d090da0d0edc6319f120187e0e,3,4,0,0
006728e4c10e957011e1f24878e6054a,558,6,4,625080,1540,1,0,0,0,01be0ad4af7aeb1f6d2cc2b6b6d6d811,99104de2626f67c1fa2ce70504970c3f,2ad626904c8b28cceb8e12c624a84240,0b1c631effab25d4af2d16fc123c3d31,2,5,4,1
006728e4c10e957011e1f24878e6054a,560,5,4,625330,1450,1,1,0,0,01be0ad4af7aeb1f6d2cc2b6b6d6d811,c5dd5b2e3b975f0849d9b74e74125cb9,4ef3dae16c436459ff05156abca5cebd,0370a0d090da0d0edc6319f120187e0e,2,4,5,0
006728e4c10e957011e1f24878e6054a,564,2,4,625630,1330,43,2,0,0,45ba8fc87f55b1191c50c400dc7ed11c,5cce6ffa455e6372d9de0de400482ab6,0370a0d090da0d0edc6319f120187e0e,0370a0d090da0d0edc6319f120187e0e,3,5,0,0
006728e4c10e957011e1f24878e6054a,565,4,4,625650,1300,0,0,0,0,45ba8fc87f55b1191c50c400dc7ed11c,48ec4e6c52f418d5ca4ef510ba473ea0,0370a0d090da0d0edc6319f120187e0e,0370a0d090da0d0edc6319f120187e0e,3,5,0,0
006728e4c10e957011e1f24878e6054a,566,1,4,625670,1150,6,2,0,0,45ba8fc87f55b1191c50c400dc7ed11c,48ec4e6c52f418d5ca4ef510ba473ea0,0370a0d090da0d0edc6319f120187e0e,0370a0d090da0d0edc6319f120187e0e,3,5,0,0
006728e4c10e957011e1f24878e6054a,567,2,4,625760,1070,5,2,0,0,01be0ad4af7aeb1f6d2cc2b6b6d6d811,766802a8fda500d7945950de7398c9c6,0370a0d090da0d0edc6319f120187e0e,0370a0d090da0d0edc6319f120187e0e,2,4,0,0
006728e4c10e957011e1f24878e6054a,568,4,4,625780,1070,0,0,0,0,01be0ad4af7aeb1f6d2cc2b6b6d6d811,99104de2626f67c1fa2ce70504970c3f,0370a0d090da0d0edc6319f120187e0e,0370a0d090da0d0edc6319f120187e0e,2,5,0,0
006728e4c10e957011e1f24878e6054a,569,9,4,625900,990,1,0,0,0,45ba8fc87f55b1191c50c400dc7ed11c,c9ef395e3fd4c1dda4a4427fd86ec1d6,0370a0d090da0d0edc6319f120187e0e,0370a0d090da0d0edc6319f120187e0e,3,3,0,0
006728e4c10e957011e1f24878e6054a,570,2,4,626980,860,79,3,0,0,45ba8fc87f55b1191c50c400dc7ed11c,e814950408915f43de2b079dce7c21c5,0370a0d090da0d0edc6319f120187e0e,0370a0d090da0d0edc6319f120187e0e,3,5,0,0
006728e4c10e957011e1f24878e6054a,571,4,4,627020,820,0,0,0,0,45ba8fc87f55b1191c50c400dc7ed11c,5cce6ffa455e6372d9de0de400482ab6,0370a0d090da0d0edc6319f120187e0e,0370a0d090da0d0edc6319f120187e0e,3,5,0,0
006728e4c10e957011e1f24878e6054a,572,2,4,627230,620,1,3,0,0,45ba8fc87f55b1191c50c400dc7ed11c,e814950408915f43de2b079dce7c21c5,0370a0d090da0d0edc6319f120187e0e,0370a0d090da0d0edc6319f120187e0e,3,5,0,0
006728e4c10e957011e1f24878e6054a,573,4,4,627270,589,0,0,0,0,45ba8fc87f55b1191c50c400dc7ed11c,99104de2626f67c1fa2ce70504970c3f,0370a0d090da0d0edc6319f120187e0e,0370a0d090da0d0edc6319f120187e0e,3,5,0,0
006728e4c10e957011e1f24878e6054a,574,6,4,627410,457,2,1,0,2,45ba8fc87f55b1191c50c400dc7ed11c,c5dd5b2e3b975f0849d9b74e74125cb9,e814950408915f43de2b079dce7c21c5,0b1c631effab25d4af2d16fc123c3d31,3,4,5,1
006728e4c10e957011e1f24878e6054a,576,3,4,627650,457,11,1,0,0,45ba8fc87f55b1191c50c400dc7ed11c,e814950408915f43de2b079dce7c21c5,0370a0d090da0d0edc6319f120187e0e,0370a0d090da0d0edc6319f120187e0e,3,5,0,0
006728e4c10e957011e1f24878e6054a,577,3,4,627820,457,12,1,0,0,45ba8fc87f55b1191c50c400dc7ed11c,e814950408915f43de2b079dce7c21c5,0370a0d090da0d0edc6319f120187e0e,0370a0d090da0d0edc6319f120187e0e,3,5,0,0
006728e4c10e957011e1f24878e6054a,578,1,4,627960,348,47,2,0,0,01be0ad4af7aeb1f6d2cc2b6b6d6d811,2ad626904c8b28cceb8e12c624a84240,0370a0d090da0d0edc6319f120187e0e,0370a0d090da0d0edc6319f120187e0e,2,4,0,0
006728e4c10e957011e1f24878e6054a,579,2,4,628220,105,101,2,0,0,45ba8fc87f55b1191c50c400dc7ed11c,e814950408915f43de2b079dce7c21c5,0370a0d090da0d0edc6319f120187e0e,0370a0d090da0d0edc6319f120187e0e,3,5,0,0
006728e4c10e957011e1f24878e6054a,580,4,4,628240,87,0,0,0,0,45ba8fc87f55b1191c50c400dc7ed11c,42e0d7167f04a4ff958c6442da0e6851,0370a0d090da0d0edc6319f120187e0e,0370a0d090da0d0edc6319f120187e0e,3,4,0,0
006728e4c10e957011e1f24878e6054a,581,2,4,628310,11,6,2,0,0,01be0ad4af7aeb1f6d2cc2b6b6d6d811,618f6d58ab2881152607c2a6e057bc51,0370a0d090da0d0edc6319f120187e0e,4ef3dae16c436459ff05156abca5cebd,2,4,0,5
006728e4c10e957011e1f24878e6054a,583,4,4,628400,11,0,0,0,0,01be0ad4af7aeb1f6d2cc2b6b6d6d811,48ec4e6c52f418d5ca4ef510ba473ea0,0370a0d090da0d0edc6319f120187e0e,0370a0d090da0d0edc6319f120187e0e,2,5,0,0
006728e4c10e957011e1f24878e6054a,584,13,4,629220,0,0,0,0,0,45ba8fc87f55b1191c50c400dc7ed11c,0370a0d090da0d0edc6319f120187e0e,0370a0d090da0d0edc6319f120187e0e,0370a0d090da0d0edc6319f120187e0e,3,0,0,0
006728e4c10e957011e1f24878e6054a,0,16,4,629380,0,0,0,0,0,1473d70e5646a26de3c52aa1abd85b1f,0370a0d090da0d0edc6319f120187e0e,0370a0d090da0d0edc6319f120187e0e,0370a0d090da0d0edc6319f120187e0e,0,0,0,0